insert into client (id, password, username) values (1, 'lJ3`@ex.&Y#f', 'bdeeble0');
insert into client (id, password, username) values (2, 'cO0=Xl(HQqKH1+', 'wpearcey1');
insert into client (id, password, username) values (3, 'kY9,AK.RXFLBEMLX', 'hthickett2');
insert into client (id, password, username) values (4, 'aA0&\#{`JT', 'ldwyer3');
insert into client (id, password, username) values (5, 'tJ8/f"%Y>O', 'npetracek4');
insert into client (id, password, username) values (6, 'eE0#{2J{/_*g''_r~', 'larrandale5');
insert into client (id, password, username) values (7, 'sE3>68?&k22#', 'bedmans6');
insert into client (id, password, username) values (8, 'vM0(e0loA', 'acafe7');
insert into client (id, password, username) values (9, 'eS6`?z?qLA2IqD', 'chek8');
insert into client (id, password, username) values (10, 'zF7@qSs1@x.tz', 'mhannaford9');
insert into client (id, password, username) values (11, 'uG5\)/q,2s#.zY,', 'nrydingsa');
insert into client (id, password, username) values (12, 'gB4`kCGSS"l4', 'ngomeryb');
insert into client (id, password, username) values (13, 'cQ9`gR$~l,*Q', 'ahannibalc');
insert into client (id, password, username) values (14, 'bW3"OkQ$A', 'blevend');
insert into client (id, password, username) values (15, 'qZ7`mI\2', 'epereirae');
insert into client (id, password, username) values (16, 'wR8@8+\H7fO', 'pmeenehanf');
insert into client (id, password, username) values (17, 'mU7(tkmAH1o{_', 'ebradderg');
insert into client (id, password, username) values (18, 'iS0~+''3*}_2EK', 'hcamelih');
insert into client (id, password, username) values (19, 'oF3!Tx_rCT&', 'cscotchbrooki');
insert into client (id, password, username) values (20, 'hN3|/vc5fYH{', 'aenriquesj');
insert into client (id, password, username) values (21, 'rP2''z/9i', 'bwannk');
insert into client (id, password, username) values (22, 'kF3''U.14SA4$A', 'nondrakl');
insert into client (id, password, username) values (23, 'dM9(k.jqym,9hO', 'emixm');
insert into client (id, password, username) values (24, 'yN9>e\&IA*A', 'mlardinern');
insert into client (id, password, username) values (25, 'iT9@~Q.pM}2sZef', 'bvivieno');
insert into client (id, password, username) values (26, 'jC5+Wc+R''7ak%&', 'jrohlfsp');
insert into client (id, password, username) values (27, 'wE5`xe`WhCdp', 'cnockallsq');
insert into client (id, password, username) values (28, 'xL1!_$teEo\wA>@w', 'jreynerr');
insert into client (id, password, username) values (29, 'vI9>a"<.', 'hduinbletons');
insert into client (id, password, username) values (30, 'qZ7"''YNM}E<_', 'dtomczykowskit');
insert into client (id, password, username) values (31, 'aH9,C0lRd`aZ6', 'kskewesu');
insert into client (id, password, username) values (32, 'dA7*r}Z$</0', 'iclaasenv');
insert into client (id, password, username) values (33, 'rD2\qp<fpbiNgc', 'eloweyw');
insert into client (id, password, username) values (34, 'cY5}4l%J$4d', 'rrogeonx');
insert into client (id, password, username) values (35, 'sB8`9>V<{_t&FxM', 'ncornejoy');
insert into client (id, password, username) values (36, 'sY8"id&@!W', 'efisherz');
insert into client (id, password, username) values (37, 'vB4{wa(M!5', 'gchoake10');
insert into client (id, password, username) values (38, 'uR4{=OqnB', 'shauxley11');
insert into client (id, password, username) values (39, 'eN7`J7%_t6', 'jree12');
insert into client (id, password, username) values (40, 'zA3+#UYW2|zyd', 'esingers13');
insert into client (id, password, username) values (41, 'kQ8#M''+Wlrc{yYVG', 'vspinella14');
insert into client (id, password, username) values (42, 'lB3<0G0/ZOr4DmYi', 'mstelljes15');
insert into client (id, password, username) values (43, 'aR2!77!G(.j', 'sbursnall16');
insert into client (id, password, username) values (44, 'vG8$}79`>c)MC', 'jpondjones17');
insert into client (id, password, username) values (45, 'rZ8"`#27I/.Ld!l+', 'tkobsch18');
insert into client (id, password, username) values (46, 'tM3@J`Uv\8Y8"4~', 'akilpatrick19');
insert into client (id, password, username) values (47, 'qC6!hGplR(', 'fnoseworthy1a');
insert into client (id, password, username) values (48, 'kE8#0b8Pj7', 'zeagan1b');
insert into client (id, password, username) values (49, 'kB0(%=/|~_v', 'csarle1c');
insert into client (id, password, username) values (50, 'oV9>sn=Mz', 'eraggitt1d');
insert into client (id, password, username) values (51, 'vP3?Z''8N|nM>q', 'cepsley1e');
insert into client (id, password, username) values (52, 'nT1#BH$''k/', 'oorrill1f');
insert into client (id, password, username) values (53, 'nA5{p0)dIUC/T', 'bianilli1g');
insert into client (id, password, username) values (54, 'dE4.|$.y', 'njeffree1h');
insert into client (id, password, username) values (55, 'kL6.94Mt', 'nsamett1i');
insert into client (id, password, username) values (56, 'hX8+@5RQqc.6', 'hdavio1j');
insert into client (id, password, username) values (57, 'eU1!x7oX,2js?a3', 'wwhymark1k');
insert into client (id, password, username) values (58, 'cY8`(,\Res', 'sbish1l');
insert into client (id, password, username) values (59, 'rF1&7C*Y', 'fchidwick1m');
insert into client (id, password, username) values (60, 'dU5>3l7_C6Bi', 'kthoresby1n');
insert into client (id, password, username) values (61, 'wQ6(XnA7#', 'ahiggonet1o');
insert into client (id, password, username) values (62, 'bN6%@u<*$BcuJ', 'dlebel1p');
insert into client (id, password, username) values (63, 'dT4@UNAJ`''', 'rreadman1q');
insert into client (id, password, username) values (64, 'kH4>$q`B>', 'thallford1r');
insert into client (id, password, username) values (65, 'cW5<}S*,C@VZ', 'sfronks1s');
insert into client (id, password, username) values (66, 'fF6\wufB{ox|$d', 'aorme1t');
insert into client (id, password, username) values (67, 'gV7=cTL<SD', 'kpenkethman1u');
insert into client (id, password, username) values (68, 'mN3&/wJ?AEMpZ', 'pbedford1v');
insert into client (id, password, username) values (69, 'aC3&Ffbf|d~/XO9''', 'dhollingsby1w');
insert into client (id, password, username) values (70, 'kL5<\s3%}OGc<', 'dstoven1x');
insert into client (id, password, username) values (71, 'lL7\\`%B', 'rwearne1y');
insert into client (id, password, username) values (72, 'lV0"sy~>8{DZ', 'kthumnel1z');
insert into client (id, password, username) values (73, 'aR7!d8E}olU4&', 'jcarder20');
insert into client (id, password, username) values (74, 'mD2_44TJ|gD', 'csollitt21');
insert into client (id, password, username) values (75, 'cS0''C5tcp/,x', 'hsonner22');
insert into client (id, password, username) values (76, 'eB2$,b2qaO4', 'aburnage23');
insert into client (id, password, username) values (77, 'hU1@6ICD''q', 'hbraben24');
insert into client (id, password, username) values (78, 'pR1"''Vqv8\6~', 'mboatman25');
insert into client (id, password, username) values (79, 'tK2%"ZH"t`Q', 'ifarrans26');
insert into client (id, password, username) values (80, 'rC2.V&''MT~`H', 'kjodrellec27');
insert into client (id, password, username) values (81, 'sG1`W|N&MC<t5', 'astienham28');
insert into client (id, password, username) values (82, 'qY0`S)VcJhJ|', 'rlawrance29');
insert into client (id, password, username) values (83, 'zF3($pNQCkhrF', 'hpendre2a');
insert into client (id, password, username) values (84, 'tA5.N7_U{X=', 'lskillicorn2b');
insert into client (id, password, username) values (85, 'oU2=*q0G(sDwtNW@', 'emacdonagh2c');
insert into client (id, password, username) values (86, 'wQ3}|BSm', 'sjerdon2d');
insert into client (id, password, username) values (87, 'jC4|d%`m8O4xFO', 'ralliban2e');
insert into client (id, password, username) values (88, 'wW1~(z&Q%mz/', 'mtoffano2f');
insert into client (id, password, username) values (89, 'hD9@)MV}cl&', 'lraycroft2g');
insert into client (id, password, username) values (90, 'iJ3*j(~,8', 'mroy2h');
insert into client (id, password, username) values (91, 'tE5&zdt_~nOI4v4g', 'wbew2i');
insert into client (id, password, username) values (92, 'nL6$''04z<E''n', 'rpidgley2j');
insert into client (id, password, username) values (93, 'iK0}ER6$&KTKDzj4', 'tsouthern2k');
insert into client (id, password, username) values (94, 'oV2?alaVi', 'sblomefield2l');
insert into client (id, password, username) values (95, 'aA2`T$XjKyOlA', 'mcordaroy2m');
insert into client (id, password, username) values (96, 'iL2@a<d%', 'scogdell2n');
insert into client (id, password, username) values (97, 'bW7+.qJz', 'kmcmickan2o');
insert into client (id, password, username) values (98, 'lM7%Rd#}M_td=&', 'gmoiser2p');
insert into client (id, password, username) values (99, 'sY4_{m''<*IDJ@gr', 'pfontel2q');
insert into client (id, password, username) values (100, 'iU3>AozEmm+GX@T&', 'hkeniwell2r');

insert into project (id, vote_count, client_id, creation_date, description, title) values (1,  2, 64, '2010-02-23', 'varius nulla facilisi cras non velit nec nisi vulputate nonummy maecenas tincidunt lacus at velit vivamus vel nulla eget', 'Life in a Day');
insert into project (id, vote_count, client_id, creation_date, description, title) values (2,  2, 45, '2018-02-25', 'ut suscipit a feugiat et eros vestibulum ac est lacinia nisi', 'Juha');
insert into project (id, vote_count, client_id, creation_date, description, title) values (3,  2, 54, '2009-07-12', 'sapien cum sociis natoque penatibus et magnis dis parturient montes nascetur ridiculus mus etiam vel augue', 'The Call of the Wild');
insert into project (id, vote_count, client_id, creation_date, description, title) values (4,  2, 70, '2013-10-17', 'pellentesque quisque porta volutpat erat quisque erat eros viverra eget congue eget semper rutrum', 'Loaded');
insert into project (id, vote_count, client_id, creation_date, description, title) values (5,  2, 19, '2017-03-06', 'pulvinar sed nisl nunc rhoncus dui vel sem sed sagittis nam congue risus', 'Never Met Picasso');
insert into project (id, vote_count, client_id, creation_date, description, title) values (6,  2, 27, '2017-06-01', 'diam in magna bibendum imperdiet nullam orci pede venenatis non', 'North to Alaska');
insert into project (id, vote_count, client_id, creation_date, description, title) values (7,  2, 89, '2008-05-21', 'justo pellentesque viverra pede ac diam cras pellentesque volutpat dui maecenas', 'Midnight''s Children');
insert into project (id, vote_count, client_id, creation_date, description, title) values (8,  2, 10, '2012-11-26', 'consectetuer adipiscing elit proin interdum mauris non ligula pellentesque ultrices', 'Game Over');
insert into project (id, vote_count, client_id, creation_date, description, title) values (9,  2, 99, '2017-08-02', 'vel sem sed sagittis nam congue risus semper porta volutpat quam', 'Escaflowne: The Movie (Escaflowne)');
insert into project (id, vote_count, client_id, creation_date, description, title) values (10, 2, 86, '2004-07-29', 'consequat dui nec nisi volutpat eleifend donec ut dolor morbi vel lectus in quam fringilla', 'Mortified Nation');
insert into project (id, vote_count, client_id, creation_date, description, title) values (11, 2, 65, '2019-03-08', 'mauris laoreet ut rhoncus aliquet pulvinar sed nisl nunc rhoncus dui vel sem sed sagittis nam congue risus semper porta', 'Dead Men Don''t Wear Plaid');
insert into project (id, vote_count, client_id, creation_date, description, title) values (12, 2, 18, '2018-06-16', 'sapien varius ut blandit non interdum in ante vestibulum ante ipsum primis in faucibus orci luctus et ultrices posuere cubilia', 'Satan''s Blood (Escalofrío)');
insert into project (id, vote_count, client_id, creation_date, description, title) values (13, 2, 94, '2005-03-26', 'odio elementum eu interdum eu tincidunt in leo maecenas pulvinar lobortis est phasellus sit amet erat nulla tempus', 'Mike Tyson:  Undisputed Truth');
insert into project (id, vote_count, client_id, creation_date, description, title) values (14, 2, 80, '2015-12-31', 'et magnis dis parturient montes nascetur ridiculus mus vivamus vestibulum sagittis sapien cum sociis natoque penatibus et magnis dis', 'Tough and Deadly');
insert into project (id, vote_count, client_id, creation_date, description, title) values (15, 2, 28, '2012-11-29', 'mi in porttitor pede justo eu massa donec dapibus duis at velit eu est congue elementum in hac', 'At the Devil''s Door');
insert into project (id, vote_count, client_id, creation_date, description, title) values (16, 2, 2, '2007-07-17', 'ante ipsum primis in faucibus orci luctus et ultrices posuere cubilia curae donec', 'Betrayal, The (Nerakhoon)');
insert into project (id, vote_count, client_id, creation_date, description, title) values (17, 2, 97, '2012-12-27', 'lobortis convallis tortor risus dapibus augue vel accumsan tellus nisi eu orci mauris lacinia sapien quis', 'Simply Irresistible');
insert into project (id, vote_count, client_id, creation_date, description, title) values (18, 2, 69, '2012-05-03', 'luctus cum sociis natoque penatibus et magnis dis parturient montes nascetur ridiculus mus vivamus', 'Monsters, Inc.');
insert into project (id, vote_count, client_id, creation_date, description, title) values (19, 2, 92, '2010-04-20', 'tincidunt eget tempus vel pede morbi porttitor lorem id ligula suspendisse ornare consequat lectus', 'Legendary Weapons of China');
insert into project (id, vote_count, client_id, creation_date, description, title) values (20, 2, 63, '2008-09-02', 'odio consequat varius integer ac leo pellentesque ultrices mattis odio donec vitae nisi', 'Flawless');
insert into project (id, vote_count, client_id, creation_date, description, title) values (21, 2, 12, '2014-02-05', 'lorem ipsum dolor sit amet consectetuer adipiscing elit proin risus praesent', 'Swades: We, the People (Our Country)');
insert into project (id, vote_count, client_id, creation_date, description, title) values (22, 2, 44, '2015-12-21', 'non lectus aliquam sit amet diam in magna bibendum imperdiet nullam orci pede venenatis non sodales sed tincidunt eu felis', 'Bedford Incident, The');
insert into project (id, vote_count, client_id, creation_date, description, title) values (23, 2, 53, '2004-08-17', 'mauris eget massa tempor convallis nulla neque libero convallis eget eleifend luctus ultricies eu nibh quisque', 'Zig Zag');
insert into project (id, vote_count, client_id, creation_date, description, title) values (24, 2, 13, '2014-07-02', 'curae nulla dapibus dolor vel est donec odio justo sollicitudin ut suscipit', 'Oklahoma Kid, The');
insert into project (id, vote_count, client_id, creation_date, description, title) values (25, 2, 16, '2006-03-17', 'ut erat curabitur gravida nisi at nibh in hac habitasse platea dictumst aliquam augue quam sollicitudin vitae consectetuer eget rutrum', 'Great Texas Dynamite Chase, The');
insert into project (id, vote_count, client_id, creation_date, description, title) values (26, 2, 40, '2017-06-07', 'vestibulum quam sapien varius ut blandit non interdum in ante vestibulum ante ipsum primis in faucibus', 'Corto Maltese: Ballad of the Salt Sea (Corto Maltese - La ballade de la mer salée)');
insert into project (id, vote_count, client_id, creation_date, description, title) values (27, 2, 17, '2005-02-07', 'arcu sed augue aliquam erat volutpat in congue etiam justo etiam pretium iaculis', 'Othello');
insert into project (id, vote_count, client_id, creation_date, description, title) values (28, 2, 13, '2021-10-13', 'id sapien in sapien iaculis congue vivamus metus arcu adipiscing molestie hendrerit at vulputate vitae', 'Artist, The');
insert into project (id, vote_count, client_id, creation_date, description, title) values (29, 2, 92, '2009-06-07', 'eget tincidunt eget tempus vel pede morbi porttitor lorem id', 'Cencoroll');
insert into project (id, vote_count, client_id, creation_date, description, title) values (30, 2, 38, '2012-03-05', 'tristique fusce congue diam id ornare imperdiet sapien urna pretium nisl ut volutpat sapien', 'Scorcher');
insert into project (id, vote_count, client_id, creation_date, description, title) values (31, 2, 81, '2008-07-17', 'sodales sed tincidunt eu felis fusce posuere felis sed lacus morbi sem mauris laoreet ut rhoncus aliquet pulvinar sed', 'Cathy Come Home');
insert into project (id, vote_count, client_id, creation_date, description, title) values (32, 2, 91, '2010-01-01', 'morbi a ipsum integer a nibh in quis justo maecenas', 'Billy''s Holiday');
insert into project (id, vote_count, client_id, creation_date, description, title) values (33, 2, 71, '2015-10-17', 'vel sem sed sagittis nam congue risus semper porta volutpat quam pede lobortis ligula sit amet eleifend', 'Bridge, The (Brücke, Die)');
insert into project (id, vote_count, client_id, creation_date, description, title) values (34, 2, 93, '2021-04-11', 'ultrices posuere cubilia curae mauris viverra diam vitae quam suspendisse potenti nullam', 'Food (Jídlo)');
insert into project (id, vote_count, client_id, creation_date, description, title) values (35, 2, 24, '2017-03-01', 'donec diam neque vestibulum eget vulputate ut ultrices vel augue vestibulum', 'Nut Job, The');
insert into project (id, vote_count, client_id, creation_date, description, title) values (36, 2, 13, '2007-03-07', 'in blandit ultrices enim lorem ipsum dolor sit amet consectetuer adipiscing elit proin interdum', 'Tortilla Flat');
insert into project (id, vote_count, client_id, creation_date, description, title) values (37, 2, 69, '2014-03-22', 'quis turpis eget elit sodales scelerisque mauris sit amet eros suspendisse accumsan tortor quis turpis sed ante vivamus tortor duis', 'To Do List, The');
insert into project (id, vote_count, client_id, creation_date, description, title) values (38, 2, 46, '2004-05-21', 'vel augue vestibulum ante ipsum primis in faucibus orci luctus et ultrices posuere cubilia curae', 'Eyes of the Mothman');
insert into project (id, vote_count, client_id, creation_date, description, title) values (39, 2, 30, '2006-02-06', 'turpis nec euismod scelerisque quam turpis adipiscing lorem vitae mattis nibh ligula nec sem duis aliquam convallis nunc', 'Mass Effect: Paragon Lost');
insert into project (id, vote_count, client_id, creation_date, description, title) values (40, 2, 30, '2010-02-06', 'mauris viverra diam vitae quam suspendisse potenti nullam porttitor lacus', 'Springsteen & I');
insert into project (id, vote_count, client_id, creation_date, description, title) values (41, 2, 22, '2008-03-12', 'dolor sit amet consectetuer adipiscing elit proin risus praesent lectus vestibulum quam sapien varius', 'Investigation of a Citizen Above Suspicion (Indagine su un cittadino al di sopra di ogni sospetto)');
insert into project (id, vote_count, client_id, creation_date, description, title) values (42, 2, 88, '2013-12-15', 'eleifend luctus ultricies eu nibh quisque id justo sit amet sapien dignissim vestibulum vestibulum ante ipsum primis in faucibus', 'Walking Tall Part II');
insert into project (id, vote_count, client_id, creation_date, description, title) values (43, 2, 60, '2012-09-23', 'lectus in est risus auctor sed tristique in tempus sit amet', 'Pretty Cool');
insert into project (id, vote_count, client_id, creation_date, description, title) values (44, 2, 21, '2013-09-20', 'interdum mauris non ligula pellentesque ultrices phasellus id sapien in sapien iaculis congue vivamus metus arcu', 'Ixcanul Volcano');
insert into project (id, vote_count, client_id, creation_date, description, title) values (45, 2, 80, '2008-03-25', 'amet consectetuer adipiscing elit proin risus praesent lectus vestibulum quam sapien varius ut blandit non interdum in', 'Legend of the Fist: The Return of Chen Zhen (Jing wu feng yun: Chen Zhen)');
insert into project (id, vote_count, client_id, creation_date, description, title) values (46, 2, 95, '2017-08-24', 'tellus semper interdum mauris ullamcorper purus sit amet nulla quisque arcu libero rutrum ac lobortis vel', 'Under the Bridges (Unter den Brücken)');
insert into project (id, vote_count, client_id, creation_date, description, title) values (47, 2, 57, '2017-01-18', 'vel enim sit amet nunc viverra dapibus nulla suscipit ligula in lacus', 'Vampyros Lesbos (Vampiras, Las)');
insert into project (id, vote_count, client_id, creation_date, description, title) values (48, 2, 54, '2008-07-29', 'eros viverra eget congue eget semper rutrum nulla nunc purus phasellus in felis donec', 'Even Cowgirls Get the Blues');
insert into project (id, vote_count, client_id, creation_date, description, title) values (49, 2, 64, '2020-09-24', 'posuere metus vitae ipsum aliquam non mauris morbi non lectus aliquam sit amet diam in', 'Budd Boetticher: A Man Can Do That');
insert into project (id, vote_count, client_id, creation_date, description, title) values (50, 2, 16, '2004-09-28', 'curabitur in libero ut massa volutpat convallis morbi odio odio', 'Pink Cadillac');
insert into project (id, vote_count, client_id, creation_date, description, title) values (51, 2, 35, '2017-01-01', 'sapien quis libero nullam sit amet turpis elementum ligula vehicula', 'The Radio Pirates');
insert into project (id, vote_count, client_id, creation_date, description, title) values (52, 2, 39, '2019-12-31', 'cursus urna ut tellus nulla ut erat id mauris vulputate elementum nullam varius nulla', 'Stormbreaker (Alex Rider: Operation Stormbreaker)');
insert into project (id, vote_count, client_id, creation_date, description, title) values (53, 2, 100, '2010-09-04', 'luctus et ultrices posuere cubilia curae mauris viverra diam vitae quam suspendisse', 'Confucian Confusion, A (Du li shi dai)');
insert into project (id, vote_count, client_id, creation_date, description, title) values (54, 2, 83, '2022-09-08', 'tellus nisi eu orci mauris lacinia sapien quis libero nullam sit amet', 'Harakiri');
insert into project (id, vote_count, client_id, creation_date, description, title) values (55, 2, 90, '2003-11-25', 'lorem ipsum dolor sit amet consectetuer adipiscing elit proin risus praesent lectus vestibulum quam', 'Godspeed');
insert into project (id, vote_count, client_id, creation_date, description, title) values (56, 2, 62, '2011-05-03', 'vitae quam suspendisse potenti nullam porttitor lacus at turpis donec posuere metus vitae ipsum aliquam', 'Trapped in Paradise');
insert into project (id, vote_count, client_id, creation_date, description, title) values (57, 2, 18, '2019-05-23', 'cum sociis natoque penatibus et magnis dis parturient montes nascetur ridiculus mus etiam vel augue', 'Best of Times, The (Mei li shi guang)');
insert into project (id, vote_count, client_id, creation_date, description, title) values (58, 2, 66, '2005-11-19', 'habitasse platea dictumst morbi vestibulum velit id pretium iaculis diam erat fermentum justo', 'Strange Color Of Your Body''s Tears, The (L''étrange couleur des larmes de ton corps)');
insert into project (id, vote_count, client_id, creation_date, description, title) values (59, 2, 6, '2012-09-13', 'sociis natoque penatibus et magnis dis parturient montes nascetur ridiculus mus vivamus vestibulum sagittis', 'Son of Frankenstein');
insert into project (id, vote_count, client_id, creation_date, description, title) values (60, 2, 69, '2002-02-02', 'praesent id massa id nisl venenatis lacinia aenean sit amet justo morbi ut odio cras mi pede malesuada', 'Matti: Hell Is for Heroes (Matti)');
insert into project (id, vote_count, client_id, creation_date, description, title) values (61, 2, 1, '2006-12-14', 'ut rhoncus aliquet pulvinar sed nisl nunc rhoncus dui vel sem sed sagittis', 'Animatrix, The');
insert into project (id, vote_count, client_id, creation_date, description, title) values (62, 2, 100, '2002-10-20', 'justo in hac habitasse platea dictumst etiam faucibus cursus urna ut tellus nulla', 'Get the Gringo');
insert into project (id, vote_count, client_id, creation_date, description, title) values (63, 2, 57, '2017-11-11', 'condimentum id luctus nec molestie sed justo pellentesque viverra pede ac diam cras pellentesque volutpat dui maecenas tristique', 'Story of Women (Affaire de femmes, Une)');
insert into project (id, vote_count, client_id, creation_date, description, title) values (64, 2, 18, '2009-01-15', 'rutrum neque aenean auctor gravida sem praesent id massa id nisl venenatis lacinia aenean sit amet justo', 'Hawk Is Dying, The');
insert into project (id, vote_count, client_id, creation_date, description, title) values (65, 2, 50, '2013-11-21', 'morbi non lectus aliquam sit amet diam in magna bibendum imperdiet nullam orci pede venenatis non sodales sed tincidunt eu', 'Chump at Oxford, A');
insert into project (id, vote_count, client_id, creation_date, description, title) values (66, 2, 85, '2012-08-10', 'cursus vestibulum proin eu mi nulla ac enim in tempor turpis nec euismod scelerisque quam turpis adipiscing lorem vitae mattis', '10,000 BC');
insert into project (id, vote_count, client_id, creation_date, description, title) values (67, 2, 27, '2004-01-03', 'integer ac neque duis bibendum morbi non quam nec dui luctus rutrum nulla tellus', 'Magic of Belle Isle, The');
insert into project (id, vote_count, client_id, creation_date, description, title) values (68, 2, 52, '2015-08-01', 'mi pede malesuada in imperdiet et commodo vulputate justo in', 'Chain of Fools');
insert into project (id, vote_count, client_id, creation_date, description, title) values (69, 2, 64, '2016-07-20', 'leo maecenas pulvinar lobortis est phasellus sit amet erat nulla tempus vivamus in felis eu', 'Bling: A Planet Rock');
insert into project (id, vote_count, client_id, creation_date, description, title) values (70, 2, 11, '2021-03-24', 'sapien quis libero nullam sit amet turpis elementum ligula vehicula consequat', 'Blue Lagoon, The');
insert into project (id, vote_count, client_id, creation_date, description, title) values (71, 2, 40, '2006-10-13', 'lacinia nisi venenatis tristique fusce congue diam id ornare imperdiet sapien urna pretium nisl ut volutpat sapien', 'Stand and Deliver');
insert into project (id, vote_count, client_id, creation_date, description, title) values (72, 2, 87, '2003-06-20', 'iaculis justo in hac habitasse platea dictumst etiam faucibus cursus urna ut tellus nulla ut', 'Butcher Boy, The');
insert into project (id, vote_count, client_id, creation_date, description, title) values (73, 2, 36, '2003-10-04', 'vel est donec odio justo sollicitudin ut suscipit a feugiat et eros vestibulum', 'The Studio Murder Mystery');
insert into project (id, vote_count, client_id, creation_date, description, title) values (74, 2, 67, '2011-11-10', 'in quam fringilla rhoncus mauris enim leo rhoncus sed vestibulum sit amet cursus id turpis', 'High Roller: The Stu Ungar Story');
insert into project (id, vote_count, client_id, creation_date, description, title) values (75, 2, 6, '2015-04-22', 'felis ut at dolor quis odio consequat varius integer ac leo pellentesque ultrices mattis', 'Convent, The');
insert into project (id, vote_count, client_id, creation_date, description, title) values (76, 6, 29, '2017-07-01', 'quis libero nullam sit amet turpis elementum ligula vehicula consequat morbi a ipsum integer a nibh in quis justo', 'Descendant of the Sun (Ri jie)');
insert into project (id, vote_count, client_id, creation_date, description, title) values (77, 2, 82, '2020-02-12', 'pretium quis lectus suspendisse potenti in eleifend quam a odio in hac habitasse platea dictumst maecenas ut', 'Hell Drivers');
insert into project (id, vote_count, client_id, creation_date, description, title) values (78, 2, 53, '2017-08-29', 'aliquet at feugiat non pretium quis lectus suspendisse potenti in eleifend quam a odio in hac habitasse platea dictumst', 'Treasure of the Sierra Madre, The');
insert into project (id, vote_count, client_id, creation_date, description, title) values (79, 2, 6, '2004-05-07', 'ac neque duis bibendum morbi non quam nec dui luctus rutrum nulla', 'Onegin');
insert into project (id, vote_count, client_id, creation_date, description, title) values (80, 2, 99, '2011-11-14', 'gravida nisi at nibh in hac habitasse platea dictumst aliquam augue quam', 'Thousand Words, A');
insert into project (id, vote_count, client_id, creation_date, description, title) values (81, 2, 47, '2007-06-24', 'massa id nisl venenatis lacinia aenean sit amet justo morbi ut', 'Sweet Home Alabama');
insert into project (id, vote_count, client_id, creation_date, description, title) values (82, 2, 11, '2019-04-21', 'condimentum neque sapien placerat ante nulla justo aliquam quis turpis eget elit sodales scelerisque mauris sit amet eros suspendisse accumsan', 'Simon & the Oaks');
insert into project (id, vote_count, client_id, creation_date, description, title) values (83, 2, 77, '2007-11-16', 'neque libero convallis eget eleifend luctus ultricies eu nibh quisque id', 'New York Confidential');
insert into project (id, vote_count, client_id, creation_date, description, title) values (84, 34, 41, '2018-07-14', 'non mi integer ac neque duis bibendum morbi non quam nec dui luctus rutrum nulla tellus in sagittis', 'In the Name of the King 2: Two Worlds');
insert into project (id, vote_count, client_id, creation_date, description, title) values (85, 2, 33, '2017-03-12', 'habitasse platea dictumst morbi vestibulum velit id pretium iaculis diam erat fermentum justo nec', 'Full Speed (À toute vitesse)');
insert into project (id, vote_count, client_id, creation_date, description, title) values (86, 2, 72, '2010-02-20', 'primis in faucibus orci luctus et ultrices posuere cubilia curae donec pharetra magna vestibulum', 'Amar Akbar Anthony');
insert into project (id, vote_count, client_id, creation_date, description, title) values (87, 2, 87, '2008-06-10', 'in quis justo maecenas rhoncus aliquam lacus morbi quis tortor id nulla ultrices aliquet maecenas leo odio condimentum id luctus', 'Zigeunerweisen (Tsigoineruwaizen)');
insert into project (id, vote_count, client_id, creation_date, description, title) values (88, 12, 12, '2005-09-09', 'potenti in eleifend quam a odio in hac habitasse platea dictumst maecenas ut massa quis', 'Glenn, the Flying Robot');
insert into project (id, vote_count, client_id, creation_date, description, title) values (89, 2, 87, '2014-12-17', 'turpis a pede posuere nonummy integer non velit donec diam', 'Englishman in New York, An');
insert into project (id, vote_count, client_id, creation_date, description, title) values (90, 2, 63, '2017-04-14', 'hac habitasse platea dictumst aliquam augue quam sollicitudin vitae consectetuer eget rutrum at', 'Card Player, The (Il cartaio)');
insert into project (id, vote_count, client_id, creation_date, description, title) values (91, 2, 69, '2012-11-03', 'nunc purus phasellus in felis donec semper sapien a libero nam dui', 'Knights of the Round Table');
insert into project (id, vote_count, client_id, creation_date, description, title) values (92, 2, 72, '2004-04-15', 'eu massa donec dapibus duis at velit eu est congue elementum', 'Restless Natives');
insert into project (id, vote_count, client_id, creation_date, description, title) values (93, 2, 76, '2007-09-28', 'sapien cum sociis natoque penatibus et magnis dis parturient montes nascetur', 'It Runs in the Family');
insert into project (id, vote_count, client_id, creation_date, description, title) values (94, 20, 17, '2010-10-23', 'et commodo vulputate justo in blandit ultrices enim lorem ipsum dolor sit amet', 'Through the Olive Trees (Zire darakhatan zeyton)');
insert into project (id, vote_count, client_id, creation_date, description, title) values (95, 2, 92, '2013-07-25', 'nascetur ridiculus mus etiam vel augue vestibulum rutrum rutrum neque aenean auctor gravida sem praesent id', 'Grass');
insert into project (id, vote_count, client_id, creation_date, description, title) values (96, 2, 45, '2021-09-30', 'nonummy maecenas tincidunt lacus at velit vivamus vel nulla eget eros elementum pellentesque quisque porta volutpat erat', 'Boys Life 2');
insert into project (id, vote_count, client_id, creation_date, description, title) values (97, 2, 9, '2009-03-26', 'ac enim in tempor turpis nec euismod scelerisque quam turpis adipiscing lorem vitae mattis nibh ligula nec sem', 'Crude');
insert into project (id, vote_count, client_id, creation_date, description, title) values (98, 2, 87, '2011-12-01', 'tincidunt lacus at velit vivamus vel nulla eget eros elementum pellentesque quisque porta volutpat erat quisque erat eros', '300 Spartans, The');
insert into project (id, vote_count, client_id, creation_date, description, title) values (99, 2, 6, '2009-04-28', 'in tempor turpis nec euismod scelerisque quam turpis adipiscing lorem vitae mattis nibh ligula nec sem duis aliquam convallis nunc', 'Out of the Past');
insert into project (id, vote_count, client_id, creation_date, description, title) values (100, 2, 26, '2004-12-28', 'praesent id massa id nisl venenatis lacinia aenean sit amet justo morbi ut', 'The Linguists');

insert into rel_project_member (member_id, project_id) values (98, 76);
insert into rel_project_member (member_id, project_id) values (58, 48);
insert into rel_project_member (member_id, project_id) values (78, 7);
insert into rel_project_member (member_id, project_id) values (78, 80);
insert into rel_project_member (member_id, project_id) values (43, 1);
insert into rel_project_member (member_id, project_id) values (84, 88);
insert into rel_project_member (member_id, project_id) values (21, 75);
insert into rel_project_member (member_id, project_id) values (9, 77);
insert into rel_project_member (member_id, project_id) values (17, 87);
insert into rel_project_member (member_id, project_id) values (56, 88);
insert into rel_project_member (member_id, project_id) values (62, 69);
insert into rel_project_member (member_id, project_id) values (53, 10);
insert into rel_project_member (member_id, project_id) values (43, 62);
insert into rel_project_member (member_id, project_id) values (45, 53);
insert into rel_project_member (member_id, project_id) values (20, 29);
insert into rel_project_member (member_id, project_id) values (22, 34);
insert into rel_project_member (member_id, project_id) values (49, 100);
insert into rel_project_member (member_id, project_id) values (75, 27);
insert into rel_project_member (member_id, project_id) values (70, 7);
insert into rel_project_member (member_id, project_id) values (43, 29);
insert into rel_project_member (member_id, project_id) values (38, 83);
insert into rel_project_member (member_id, project_id) values (19, 64);
insert into rel_project_member (member_id, project_id) values (28, 16);
insert into rel_project_member (member_id, project_id) values (35, 7);
insert into rel_project_member (member_id, project_id) values (62, 48);
insert into rel_project_member (member_id, project_id) values (82, 66);
insert into rel_project_member (member_id, project_id) values (97, 9);
insert into rel_project_member (member_id, project_id) values (48, 49);
insert into rel_project_member (member_id, project_id) values (62, 6);
insert into rel_project_member (member_id, project_id) values (89, 63);
insert into rel_project_member (member_id, project_id) values (50, 88);
insert into rel_project_member (member_id, project_id) values (27, 4);
insert into rel_project_member (member_id, project_id) values (76, 27);
insert into rel_project_member (member_id, project_id) values (15, 45);
insert into rel_project_member (member_id, project_id) values (78, 49);
insert into rel_project_member (member_id, project_id) values (41, 46);
insert into rel_project_member (member_id, project_id) values (80, 89);
insert into rel_project_member (member_id, project_id) values (78, 26);
insert into rel_project_member (member_id, project_id) values (85, 87);
insert into rel_project_member (member_id, project_id) values (22, 9);
insert into rel_project_member (member_id, project_id) values (36, 44);
insert into rel_project_member (member_id, project_id) values (48, 82);
insert into rel_project_member (member_id, project_id) values (7, 78);
insert into rel_project_member (member_id, project_id) values (30, 17);
insert into rel_project_member (member_id, project_id) values (84, 19);
insert into rel_project_member (member_id, project_id) values (4, 32);
insert into rel_project_member (member_id, project_id) values (7, 2);
insert into rel_project_member (member_id, project_id) values (73, 5);
insert into rel_project_member (member_id, project_id) values (39, 29);
insert into rel_project_member (member_id, project_id) values (19, 61);
insert into rel_project_member (member_id, project_id) values (1, 67);
insert into rel_project_member (member_id, project_id) values (37, 89);
insert into rel_project_member (member_id, project_id) values (29, 44);
insert into rel_project_member (member_id, project_id) values (41, 3);
insert into rel_project_member (member_id, project_id) values (35, 25);
insert into rel_project_member (member_id, project_id) values (34, 26);
insert into rel_project_member (member_id, project_id) values (13, 23);
insert into rel_project_member (member_id, project_id) values (86, 95);
insert into rel_project_member (member_id, project_id) values (17, 33);
insert into rel_project_member (member_id, project_id) values (69, 22);
insert into rel_project_member (member_id, project_id) values (62, 24);
insert into rel_project_member (member_id, project_id) values (46, 42);
insert into rel_project_member (member_id, project_id) values (54, 80);
insert into rel_project_member (member_id, project_id) values (89, 17);
insert into rel_project_member (member_id, project_id) values (60, 20);
insert into rel_project_member (member_id, project_id) values (19, 1);
insert into rel_project_member (member_id, project_id) values (41, 67);
insert into rel_project_member (member_id, project_id) values (26, 75);
insert into rel_project_member (member_id, project_id) values (42, 99);
insert into rel_project_member (member_id, project_id) values (93, 17);
insert into rel_project_member (member_id, project_id) values (22, 26);
insert into rel_project_member (member_id, project_id) values (33, 81);
insert into rel_project_member (member_id, project_id) values (59, 77);
insert into rel_project_member (member_id, project_id) values (19, 84);
insert into rel_project_member (member_id, project_id) values (59, 97);
insert into rel_project_member (member_id, project_id) values (43, 25);
insert into rel_project_member (member_id, project_id) values (91, 66);
insert into rel_project_member (member_id, project_id) values (13, 77);
insert into rel_project_member (member_id, project_id) values (29, 24);
insert into rel_project_member (member_id, project_id) values (4, 45);
insert into rel_project_member (member_id, project_id) values (90, 29);
insert into rel_project_member (member_id, project_id) values (32, 64);
insert into rel_project_member (member_id, project_id) values (57, 72);
insert into rel_project_member (member_id, project_id) values (48, 19);
insert into rel_project_member (member_id, project_id) values (67, 9);
insert into rel_project_member (member_id, project_id) values (49, 94);
insert into rel_project_member (member_id, project_id) values (72, 89);
insert into rel_project_member (member_id, project_id) values (92, 21);
insert into rel_project_member (member_id, project_id) values (53, 25);
insert into rel_project_member (member_id, project_id) values (23, 66);
insert into rel_project_member (member_id, project_id) values (9, 94);
insert into rel_project_member (member_id, project_id) values (5, 10);
insert into rel_project_member (member_id, project_id) values (71, 56);
insert into rel_project_member (member_id, project_id) values (44, 22);
insert into rel_project_member (member_id, project_id) values (99, 65);
insert into rel_project_member (member_id, project_id) values (66, 19);
insert into rel_project_member (member_id, project_id) values (87, 26);
insert into rel_project_member (member_id, project_id) values (13, 63);
insert into rel_project_member (member_id, project_id) values (94, 12);
insert into rel_project_member (member_id, project_id) values (66, 3);

insert into tag (id, content) values (1, 'MBP');
insert into tag (id, content) values (2, 'OXY');
insert into tag (id, content) values (3, 'LLL');
insert into tag (id, content) values (4, 'JUR');
insert into tag (id, content) values (5, 'ROC');
insert into tag (id, content) values (6, 'ECO');
insert into tag (id, content) values (7, 'FWL');
insert into tag (id, content) values (8, 'CNB');
insert into tag (id, content) values (9, 'FYV');
insert into tag (id, content) values (10, 'RMA');
insert into tag (id, content) values (11, 'UFA');
insert into tag (id, content) values (12, 'TME');
insert into tag (id, content) values (13, 'CSF');
insert into tag (id, content) values (14, 'LSV');
insert into tag (id, content) values (15, 'ZBM');
insert into tag (id, content) values (16, 'IDO');
insert into tag (id, content) values (17, 'ASO');
insert into tag (id, content) values (18, 'GOQ');
insert into tag (id, content) values (19, 'AVX');
insert into tag (id, content) values (20, 'IRI');
insert into tag (id, content) values (21, 'BTY');
insert into tag (id, content) values (22, 'KVE');
insert into tag (id, content) values (23, 'BOS');
insert into tag (id, content) values (24, 'LPB');
insert into tag (id, content) values (25, 'PEL');
insert into tag (id, content) values (26, 'PIV');
insert into tag (id, content) values (27, 'GMI');
insert into tag (id, content) values (28, 'XXN');
insert into tag (id, content) values (29, 'APL');
insert into tag (id, content) values (30, 'PDP');
insert into tag (id, content) values (31, 'WLR');
insert into tag (id, content) values (32, 'OGO');
insert into tag (id, content) values (33, 'CJC');
insert into tag (id, content) values (34, 'EGC');
insert into tag (id, content) values (35, 'SFB');
insert into tag (id, content) values (36, 'SRP');
insert into tag (id, content) values (37, 'HMJ');
insert into tag (id, content) values (38, 'NCL');
insert into tag (id, content) values (39, 'KBS');
insert into tag (id, content) values (40, 'TDP');
insert into tag (id, content) values (41, 'DEA');
insert into tag (id, content) values (42, 'PGD');
insert into tag (id, content) values (43, 'CVR');
insert into tag (id, content) values (44, 'FRM');
insert into tag (id, content) values (45, 'CLU');
insert into tag (id, content) values (46, 'WMD');
insert into tag (id, content) values (47, 'ORP');
insert into tag (id, content) values (48, 'CTS');
insert into tag (id, content) values (49, 'CAY');
insert into tag (id, content) values (50, 'IHN');
insert into tag (id, content) values (51, 'OAL');
insert into tag (id, content) values (52, 'PND');
insert into tag (id, content) values (53, 'QNJ');
insert into tag (id, content) values (54, 'YOS');
insert into tag (id, content) values (55, 'ELX');
insert into tag (id, content) values (56, 'YBQ');
insert into tag (id, content) values (57, 'GIS');
insert into tag (id, content) values (58, 'IFJ');
insert into tag (id, content) values (59, 'DEI');
insert into tag (id, content) values (60, 'GCN');
insert into tag (id, content) values (61, 'NAG');
insert into tag (id, content) values (62, 'KHO');
insert into tag (id, content) values (63, 'CRV');
insert into tag (id, content) values (64, 'ZNA');
insert into tag (id, content) values (65, 'ZGR');
insert into tag (id, content) values (66, 'NTL');
insert into tag (id, content) values (67, 'DEC');
insert into tag (id, content) values (68, 'AJY');
insert into tag (id, content) values (69, 'BCK');
insert into tag (id, content) values (70, 'KCO');
insert into tag (id, content) values (71, 'JMS');
insert into tag (id, content) values (72, 'OBS');
insert into tag (id, content) values (73, 'TPI');
insert into tag (id, content) values (74, 'COT');
insert into tag (id, content) values (75, 'KND');
insert into tag (id, content) values (76, 'MSF');
insert into tag (id, content) values (77, 'CZH');
insert into tag (id, content) values (78, 'UGS');
insert into tag (id, content) values (79, 'DVP');
insert into tag (id, content) values (80, 'NDK');
insert into tag (id, content) values (81, 'OBF');
insert into tag (id, content) values (82, 'RME');
insert into tag (id, content) values (83, 'RJL');
insert into tag (id, content) values (84, 'YTR');
insert into tag (id, content) values (85, 'GET');
insert into tag (id, content) values (86, 'CNG');
insert into tag (id, content) values (87, 'BPH');
insert into tag (id, content) values (88, 'BQI');
insert into tag (id, content) values (89, 'TUD');
insert into tag (id, content) values (90, 'OXB');
insert into tag (id, content) values (91, 'RAW');
insert into tag (id, content) values (92, 'SGC');
insert into tag (id, content) values (93, 'BCL');
insert into tag (id, content) values (94, 'SAH');
insert into tag (id, content) values (95, 'YTD');
insert into tag (id, content) values (96, 'BFE');
insert into tag (id, content) values (97, 'ZIX');
insert into tag (id, content) values (98, 'LOQ');
insert into tag (id, content) values (99, 'OUA');
insert into tag (id, content) values (100, 'EDR');

insert into rel_project_tag (project_id, tag_id) values (33, 43);
insert into rel_project_tag (project_id, tag_id) values (31, 13);
insert into rel_project_tag (project_id, tag_id) values (69, 31);
insert into rel_project_tag (project_id, tag_id) values (48, 88);
insert into rel_project_tag (project_id, tag_id) values (74, 91);
insert into rel_project_tag (project_id, tag_id) values (65, 46);
insert into rel_project_tag (project_id, tag_id) values (58, 87);
insert into rel_project_tag (project_id, tag_id) values (42, 31);
insert into rel_project_tag (project_id, tag_id) values (70, 77);
insert into rel_project_tag (project_id, tag_id) values (81, 6);
insert into rel_project_tag (project_id, tag_id) values (50, 9);
insert into rel_project_tag (project_id, tag_id) values (41, 62);
insert into rel_project_tag (project_id, tag_id) values (54, 24);
insert into rel_project_tag (project_id, tag_id) values (21, 30);
insert into rel_project_tag (project_id, tag_id) values (19, 30);
insert into rel_project_tag (project_id, tag_id) values (95, 50);
insert into rel_project_tag (project_id, tag_id) values (71, 2);
insert into rel_project_tag (project_id, tag_id) values (83, 86);
insert into rel_project_tag (project_id, tag_id) values (14, 19);
insert into rel_project_tag (project_id, tag_id) values (54, 94);
insert into rel_project_tag (project_id, tag_id) values (52, 78);
insert into rel_project_tag (project_id, tag_id) values (56, 57);
insert into rel_project_tag (project_id, tag_id) values (50, 34);
insert into rel_project_tag (project_id, tag_id) values (73, 62);
insert into rel_project_tag (project_id, tag_id) values (16, 56);
insert into rel_project_tag (project_id, tag_id) values (28, 5);
insert into rel_project_tag (project_id, tag_id) values (48, 29);
insert into rel_project_tag (project_id, tag_id) values (6, 45);
insert into rel_project_tag (project_id, tag_id) values (75, 23);
insert into rel_project_tag (project_id, tag_id) values (21, 93);
insert into rel_project_tag (project_id, tag_id) values (61, 20);
insert into rel_project_tag (project_id, tag_id) values (86, 68);
insert into rel_project_tag (project_id, tag_id) values (54, 5);
insert into rel_project_tag (project_id, tag_id) values (6, 36);
insert into rel_project_tag (project_id, tag_id) values (75, 90);
insert into rel_project_tag (project_id, tag_id) values (28, 20);
insert into rel_project_tag (project_id, tag_id) values (19, 23);
insert into rel_project_tag (project_id, tag_id) values (21, 77);
insert into rel_project_tag (project_id, tag_id) values (43, 26);
insert into rel_project_tag (project_id, tag_id) values (23, 92);
insert into rel_project_tag (project_id, tag_id) values (8, 82);
insert into rel_project_tag (project_id, tag_id) values (50, 94);
insert into rel_project_tag (project_id, tag_id) values (37, 21);
insert into rel_project_tag (project_id, tag_id) values (7, 65);
insert into rel_project_tag (project_id, tag_id) values (27, 18);
insert into rel_project_tag (project_id, tag_id) values (64, 31);
insert into rel_project_tag (project_id, tag_id) values (84, 96);
insert into rel_project_tag (project_id, tag_id) values (28, 15);
insert into rel_project_tag (project_id, tag_id) values (44, 93);
insert into rel_project_tag (project_id, tag_id) values (56, 28);
insert into rel_project_tag (project_id, tag_id) values (69, 98);
insert into rel_project_tag (project_id, tag_id) values (59, 74);
insert into rel_project_tag (project_id, tag_id) values (73, 99);
insert into rel_project_tag (project_id, tag_id) values (42, 61);
insert into rel_project_tag (project_id, tag_id) values (97, 87);
insert into rel_project_tag (project_id, tag_id) values (3, 78);
insert into rel_project_tag (project_id, tag_id) values (48, 32);
insert into rel_project_tag (project_id, tag_id) values (41, 48);
insert into rel_project_tag (project_id, tag_id) values (69, 35);
insert into rel_project_tag (project_id, tag_id) values (65, 8);
insert into rel_project_tag (project_id, tag_id) values (10, 68);
insert into rel_project_tag (project_id, tag_id) values (5, 16);
insert into rel_project_tag (project_id, tag_id) values (7, 36);
insert into rel_project_tag (project_id, tag_id) values (60, 87);
insert into rel_project_tag (project_id, tag_id) values (46, 82);
insert into rel_project_tag (project_id, tag_id) values (63, 8);
insert into rel_project_tag (project_id, tag_id) values (83, 38);
insert into rel_project_tag (project_id, tag_id) values (18, 38);
insert into rel_project_tag (project_id, tag_id) values (56, 39);
insert into rel_project_tag (project_id, tag_id) values (95, 34);
insert into rel_project_tag (project_id, tag_id) values (96, 99);
insert into rel_project_tag (project_id, tag_id) values (20, 78);
insert into rel_project_tag (project_id, tag_id) values (58, 46);
insert into rel_project_tag (project_id, tag_id) values (61, 44);
insert into rel_project_tag (project_id, tag_id) values (2, 77);
insert into rel_project_tag (project_id, tag_id) values (56, 25);
insert into rel_project_tag (project_id, tag_id) values (82, 53);
insert into rel_project_tag (project_id, tag_id) values (48, 95);
insert into rel_project_tag (project_id, tag_id) values (78, 74);
insert into rel_project_tag (project_id, tag_id) values (68, 10);
insert into rel_project_tag (project_id, tag_id) values (52, 10);
insert into rel_project_tag (project_id, tag_id) values (92, 84);
insert into rel_project_tag (project_id, tag_id) values (37, 70);
insert into rel_project_tag (project_id, tag_id) values (16, 36);
insert into rel_project_tag (project_id, tag_id) values (29, 7);
insert into rel_project_tag (project_id, tag_id) values (6, 69);
insert into rel_project_tag (project_id, tag_id) values (94, 48);
insert into rel_project_tag (project_id, tag_id) values (55, 63);
insert into rel_project_tag (project_id, tag_id) values (65, 50);
insert into rel_project_tag (project_id, tag_id) values (40, 67);
insert into rel_project_tag (project_id, tag_id) values (5, 57);
insert into rel_project_tag (project_id, tag_id) values (69, 94);
insert into rel_project_tag (project_id, tag_id) values (88, 81);
insert into rel_project_tag (project_id, tag_id) values (67, 86);
insert into rel_project_tag (project_id, tag_id) values (58, 74);
insert into rel_project_tag (project_id, tag_id) values (34, 17);
insert into rel_project_tag (project_id, tag_id) values (8, 16);
insert into rel_project_tag (project_id, tag_id) values (35, 37);
insert into rel_project_tag (project_id, tag_id) values (66, 3);
insert into rel_project_tag (project_id, tag_id) values (99, 32);

insert into link (id, project_id, content) values (1, 34, 'http://dummyimage.com/183x100.png/ff4444/ffffff');
insert into link (id, project_id, content) values (2, 78, 'http://dummyimage.com/173x100.png/5fa2dd/ffffff');
insert into link (id, project_id, content) values (3, 7, 'http://dummyimage.com/245x100.png/ff4444/ffffff');
insert into link (id, project_id, content) values (4, 81, 'http://dummyimage.com/111x100.png/ff4444/ffffff');
insert into link (id, project_id, content) values (5, 89, 'http://dummyimage.com/110x100.png/ff4444/ffffff');
insert into link (id, project_id, content) values (6, 78, 'http://dummyimage.com/218x100.png/ff4444/ffffff');
insert into link (id, project_id, content) values (7, 100, 'http://dummyimage.com/166x100.png/dddddd/000000');
insert into link (id, project_id, content) values (8, 7, 'http://dummyimage.com/157x100.png/cc0000/ffffff');
insert into link (id, project_id, content) values (9, 71, 'http://dummyimage.com/151x100.png/cc0000/ffffff');
insert into link (id, project_id, content) values (10, 60, 'http://dummyimage.com/121x100.png/dddddd/000000');
insert into link (id, project_id, content) values (11, 94, 'http://dummyimage.com/120x100.png/5fa2dd/ffffff');
insert into link (id, project_id, content) values (12, 58, 'http://dummyimage.com/157x100.png/ff4444/ffffff');
insert into link (id, project_id, content) values (13, 95, 'http://dummyimage.com/245x100.png/ff4444/ffffff');
insert into link (id, project_id, content) values (14, 90, 'http://dummyimage.com/112x100.png/cc0000/ffffff');
insert into link (id, project_id, content) values (15, 2, 'http://dummyimage.com/184x100.png/ff4444/ffffff');
insert into link (id, project_id, content) values (16, 49, 'http://dummyimage.com/234x100.png/dddddd/000000');
insert into link (id, project_id, content) values (17, 70, 'http://dummyimage.com/242x100.png/dddddd/000000');
insert into link (id, project_id, content) values (18, 38, 'http://dummyimage.com/159x100.png/5fa2dd/ffffff');
insert into link (id, project_id, content) values (19, 11, 'http://dummyimage.com/158x100.png/ff4444/ffffff');
insert into link (id, project_id, content) values (20, 77, 'http://dummyimage.com/230x100.png/ff4444/ffffff');
insert into link (id, project_id, content) values (21, 14, 'http://dummyimage.com/113x100.png/5fa2dd/ffffff');
insert into link (id, project_id, content) values (22, 70, 'http://dummyimage.com/247x100.png/cc0000/ffffff');
insert into link (id, project_id, content) values (23, 28, 'http://dummyimage.com/144x100.png/cc0000/ffffff');
insert into link (id, project_id, content) values (24, 33, 'http://dummyimage.com/199x100.png/cc0000/ffffff');
insert into link (id, project_id, content) values (25, 47, 'http://dummyimage.com/159x100.png/5fa2dd/ffffff');
insert into link (id, project_id, content) values (26, 56, 'http://dummyimage.com/187x100.png/cc0000/ffffff');
insert into link (id, project_id, content) values (27, 76, 'http://dummyimage.com/116x100.png/ff4444/ffffff');
insert into link (id, project_id, content) values (28, 30, 'http://dummyimage.com/173x100.png/5fa2dd/ffffff');
insert into link (id, project_id, content) values (29, 53, 'http://dummyimage.com/214x100.png/dddddd/000000');
insert into link (id, project_id, content) values (30, 77, 'http://dummyimage.com/151x100.png/5fa2dd/ffffff');
insert into link (id, project_id, content) values (31, 41, 'http://dummyimage.com/172x100.png/dddddd/000000');
insert into link (id, project_id, content) values (32, 31, 'http://dummyimage.com/176x100.png/cc0000/ffffff');
insert into link (id, project_id, content) values (33, 13, 'http://dummyimage.com/107x100.png/5fa2dd/ffffff');
insert into link (id, project_id, content) values (34, 32, 'http://dummyimage.com/139x100.png/dddddd/000000');
insert into link (id, project_id, content) values (35, 25, 'http://dummyimage.com/155x100.png/5fa2dd/ffffff');
insert into link (id, project_id, content) values (36, 34, 'http://dummyimage.com/100x100.png/ff4444/ffffff');
insert into link (id, project_id, content) values (37, 54, 'http://dummyimage.com/112x100.png/dddddd/000000');
insert into link (id, project_id, content) values (38, 18, 'http://dummyimage.com/249x100.png/cc0000/ffffff');
insert into link (id, project_id, content) values (39, 70, 'http://dummyimage.com/190x100.png/ff4444/ffffff');
insert into link (id, project_id, content) values (40, 87, 'http://dummyimage.com/184x100.png/dddddd/000000');
insert into link (id, project_id, content) values (41, 87, 'http://dummyimage.com/197x100.png/ff4444/ffffff');
insert into link (id, project_id, content) values (42, 32, 'http://dummyimage.com/181x100.png/ff4444/ffffff');
insert into link (id, project_id, content) values (43, 78, 'http://dummyimage.com/137x100.png/ff4444/ffffff');
insert into link (id, project_id, content) values (44, 37, 'http://dummyimage.com/147x100.png/cc0000/ffffff');
insert into link (id, project_id, content) values (45, 85, 'http://dummyimage.com/129x100.png/ff4444/ffffff');
insert into link (id, project_id, content) values (46, 17, 'http://dummyimage.com/221x100.png/cc0000/ffffff');
insert into link (id, project_id, content) values (47, 31, 'http://dummyimage.com/111x100.png/cc0000/ffffff');
insert into link (id, project_id, content) values (48, 37, 'http://dummyimage.com/121x100.png/cc0000/ffffff');
insert into link (id, project_id, content) values (49, 91, 'http://dummyimage.com/173x100.png/5fa2dd/ffffff');
insert into link (id, project_id, content) values (50, 74, 'http://dummyimage.com/157x100.png/dddddd/000000');
insert into link (id, project_id, content) values (51, 8, 'http://dummyimage.com/235x100.png/ff4444/ffffff');
insert into link (id, project_id, content) values (52, 52, 'http://dummyimage.com/183x100.png/dddddd/000000');
insert into link (id, project_id, content) values (53, 33, 'http://dummyimage.com/245x100.png/dddddd/000000');
insert into link (id, project_id, content) values (54, 46, 'http://dummyimage.com/178x100.png/dddddd/000000');
insert into link (id, project_id, content) values (55, 87, 'http://dummyimage.com/213x100.png/cc0000/ffffff');
insert into link (id, project_id, content) values (56, 22, 'http://dummyimage.com/134x100.png/ff4444/ffffff');
insert into link (id, project_id, content) values (57, 44, 'http://dummyimage.com/140x100.png/dddddd/000000');
insert into link (id, project_id, content) values (58, 51, 'http://dummyimage.com/227x100.png/dddddd/000000');
insert into link (id, project_id, content) values (59, 72, 'http://dummyimage.com/136x100.png/5fa2dd/ffffff');
insert into link (id, project_id, content) values (60, 52, 'http://dummyimage.com/150x100.png/dddddd/000000');
insert into link (id, project_id, content) values (61, 80, 'http://dummyimage.com/232x100.png/5fa2dd/ffffff');
insert into link (id, project_id, content) values (62, 20, 'http://dummyimage.com/139x100.png/5fa2dd/ffffff');
insert into link (id, project_id, content) values (63, 86, 'http://dummyimage.com/152x100.png/cc0000/ffffff');
insert into link (id, project_id, content) values (64, 75, 'http://dummyimage.com/246x100.png/ff4444/ffffff');
insert into link (id, project_id, content) values (65, 29, 'http://dummyimage.com/110x100.png/cc0000/ffffff');
insert into link (id, project_id, content) values (66, 90, 'http://dummyimage.com/187x100.png/ff4444/ffffff');
insert into link (id, project_id, content) values (67, 60, 'http://dummyimage.com/227x100.png/5fa2dd/ffffff');
insert into link (id, project_id, content) values (68, 81, 'http://dummyimage.com/196x100.png/cc0000/ffffff');
insert into link (id, project_id, content) values (69, 50, 'http://dummyimage.com/100x100.png/5fa2dd/ffffff');
insert into link (id, project_id, content) values (70, 52, 'http://dummyimage.com/220x100.png/ff4444/ffffff');
insert into link (id, project_id, content) values (71, 23, 'http://dummyimage.com/236x100.png/5fa2dd/ffffff');
insert into link (id, project_id, content) values (72, 68, 'http://dummyimage.com/205x100.png/5fa2dd/ffffff');
insert into link (id, project_id, content) values (73, 29, 'http://dummyimage.com/245x100.png/ff4444/ffffff');
insert into link (id, project_id, content) values (74, 69, 'http://dummyimage.com/237x100.png/cc0000/ffffff');
insert into link (id, project_id, content) values (75, 21, 'http://dummyimage.com/162x100.png/cc0000/ffffff');
insert into link (id, project_id, content) values (76, 52, 'http://dummyimage.com/103x100.png/ff4444/ffffff');
insert into link (id, project_id, content) values (77, 15, 'http://dummyimage.com/166x100.png/ff4444/ffffff');
insert into link (id, project_id, content) values (78, 3, 'http://dummyimage.com/235x100.png/5fa2dd/ffffff');
insert into link (id, project_id, content) values (79, 48, 'http://dummyimage.com/152x100.png/dddddd/000000');
insert into link (id, project_id, content) values (80, 18, 'http://dummyimage.com/164x100.png/ff4444/ffffff');
insert into link (id, project_id, content) values (81, 85, 'http://dummyimage.com/118x100.png/dddddd/000000');
insert into link (id, project_id, content) values (82, 88, 'http://dummyimage.com/171x100.png/5fa2dd/ffffff');
insert into link (id, project_id, content) values (83, 14, 'http://dummyimage.com/183x100.png/dddddd/000000');
insert into link (id, project_id, content) values (84, 40, 'http://dummyimage.com/201x100.png/5fa2dd/ffffff');
insert into link (id, project_id, content) values (85, 50, 'http://dummyimage.com/235x100.png/cc0000/ffffff');
insert into link (id, project_id, content) values (86, 55, 'http://dummyimage.com/111x100.png/dddddd/000000');
insert into link (id, project_id, content) values (87, 15, 'http://dummyimage.com/190x100.png/dddddd/000000');
insert into link (id, project_id, content) values (88, 92, 'http://dummyimage.com/239x100.png/cc0000/ffffff');
insert into link (id, project_id, content) values (89, 92, 'http://dummyimage.com/250x100.png/dddddd/000000');
insert into link (id, project_id, content) values (90, 78, 'http://dummyimage.com/201x100.png/5fa2dd/ffffff');
insert into link (id, project_id, content) values (91, 16, 'http://dummyimage.com/116x100.png/dddddd/000000');
insert into link (id, project_id, content) values (92, 21, 'http://dummyimage.com/114x100.png/ff4444/ffffff');
insert into link (id, project_id, content) values (93, 67, 'http://dummyimage.com/220x100.png/cc0000/ffffff');
insert into link (id, project_id, content) values (94, 20, 'http://dummyimage.com/147x100.png/dddddd/000000');
insert into link (id, project_id, content) values (95, 88, 'http://dummyimage.com/151x100.png/ff4444/ffffff');
insert into link (id, project_id, content) values (96, 45, 'http://dummyimage.com/164x100.png/ff4444/ffffff');
insert into link (id, project_id, content) values (97, 24, 'http://dummyimage.com/220x100.png/dddddd/000000');
insert into link (id, project_id, content) values (98, 39, 'http://dummyimage.com/237x100.png/ff4444/ffffff');
insert into link (id, project_id, content) values (99, 95, 'http://dummyimage.com/185x100.png/ff4444/ffffff');
insert into link (id, project_id, content) values (100, 15, 'http://dummyimage.com/113x100.png/ff4444/ffffff');
