insert into client (id, password, username) values (1, 'lJ3`@ex.&Y#f', 'bdeeble0');
insert into client (id, password, username) values (2, 'cO0=Xl(HQqKH1+', 'wpearcey1');
insert into client (id, password, username) values (3, 'kY9,AK.RXFLBEMLX', 'hthickett2');
insert into client (id, password, username) values (4, 'aA0&\#{`JT', 'ldwyer3');
insert into client (id, password, username) values (5, 'tJ8/f"%Y>O', 'npetracek4');
insert into client (id, password, username) values (6, 'eE0#{2J{/_*g''_r~', 'larrandale5');
insert into client (id, password, username) values (7, 'sE3>68?&k22#', 'bedmans6');
insert into client (id, password, username) values (8, 'vM0(e0loA', 'acafe7');
insert into client (id, password, username) values (9, 'eS6`?z?qLA2IqD', 'chek8');
insert into client (id, password, username) values (10, 'zF7@qSs1@x.tz', 'mhannaford9');
insert into client (id, password, username) values (11, 'uG5\)/q,2s#.zY,', 'nrydingsa');
insert into client (id, password, username) values (12, 'gB4`kCGSS"l4', 'ngomeryb');
insert into client (id, password, username) values (13, 'cQ9`gR$~l,*Q', 'ahannibalc');
insert into client (id, password, username) values (14, 'bW3"OkQ$A', 'blevend');
insert into client (id, password, username) values (15, 'qZ7`mI\2', 'epereirae');
insert into client (id, password, username) values (16, 'wR8@8+\H7fO', 'pmeenehanf');
insert into client (id, password, username) values (17, 'mU7(tkmAH1o{_', 'ebradderg');
insert into client (id, password, username) values (18, 'iS0~+''3*}_2EK', 'hcamelih');
insert into client (id, password, username) values (19, 'oF3!Tx_rCT&', 'cscotchbrooki');
insert into client (id, password, username) values (20, 'hN3|/vc5fYH{', 'aenriquesj');
insert into client (id, password, username) values (21, 'rP2''z/9i', 'bwannk');
insert into client (id, password, username) values (22, 'kF3''U.14SA4$A', 'nondrakl');
insert into client (id, password, username) values (23, 'dM9(k.jqym,9hO', 'emixm');
insert into client (id, password, username) values (24, 'yN9>e\&IA*A', 'mlardinern');
insert into client (id, password, username) values (25, 'iT9@~Q.pM}2sZef', 'bvivieno');
insert into client (id, password, username) values (26, 'jC5+Wc+R''7ak%&', 'jrohlfsp');
insert into client (id, password, username) values (27, 'wE5`xe`WhCdp', 'cnockallsq');
insert into client (id, password, username) values (28, 'xL1!_$teEo\wA>@w', 'jreynerr');
insert into client (id, password, username) values (29, 'vI9>a"<.', 'hduinbletons');
insert into client (id, password, username) values (30, 'qZ7"''YNM}E<_', 'dtomczykowskit');
insert into client (id, password, username) values (31, 'aH9,C0lRd`aZ6', 'kskewesu');
insert into client (id, password, username) values (32, 'dA7*r}Z$</0', 'iclaasenv');
insert into client (id, password, username) values (33, 'rD2\qp<fpbiNgc', 'eloweyw');
insert into client (id, password, username) values (34, 'cY5}4l%J$4d', 'rrogeonx');
insert into client (id, password, username) values (35, 'sB8`9>V<{_t&FxM', 'ncornejoy');
insert into client (id, password, username) values (36, 'sY8"id&@!W', 'efisherz');
insert into client (id, password, username) values (37, 'vB4{wa(M!5', 'gchoake10');
insert into client (id, password, username) values (38, 'uR4{=OqnB', 'shauxley11');
insert into client (id, password, username) values (39, 'eN7`J7%_t6', 'jree12');
insert into client (id, password, username) values (40, 'zA3+#UYW2|zyd', 'esingers13');
insert into client (id, password, username) values (41, 'kQ8#M''+Wlrc{yYVG', 'vspinella14');
insert into client (id, password, username) values (42, 'lB3<0G0/ZOr4DmYi', 'mstelljes15');
insert into client (id, password, username) values (43, 'aR2!77!G(.j', 'sbursnall16');
insert into client (id, password, username) values (44, 'vG8$}79`>c)MC', 'jpondjones17');
insert into client (id, password, username) values (45, 'rZ8"`#27I/.Ld!l+', 'tkobsch18');
insert into client (id, password, username) values (46, 'tM3@J`Uv\8Y8"4~', 'akilpatrick19');
insert into client (id, password, username) values (47, 'qC6!hGplR(', 'fnoseworthy1a');
insert into client (id, password, username) values (48, 'kE8#0b8Pj7', 'zeagan1b');
insert into client (id, password, username) values (49, 'kB0(%=/|~_v', 'csarle1c');
insert into client (id, password, username) values (50, 'oV9>sn=Mz', 'eraggitt1d');
insert into client (id, password, username) values (51, 'vP3?Z''8N|nM>q', 'cepsley1e');
insert into client (id, password, username) values (52, 'nT1#BH$''k/', 'oorrill1f');
insert into client (id, password, username) values (53, 'nA5{p0)dIUC/T', 'bianilli1g');
insert into client (id, password, username) values (54, 'dE4.|$.y', 'njeffree1h');
insert into client (id, password, username) values (55, 'kL6.94Mt', 'nsamett1i');
insert into client (id, password, username) values (56, 'hX8+@5RQqc.6', 'hdavio1j');
insert into client (id, password, username) values (57, 'eU1!x7oX,2js?a3', 'wwhymark1k');
insert into client (id, password, username) values (58, 'cY8`(,\Res', 'sbish1l');
insert into client (id, password, username) values (59, 'rF1&7C*Y', 'fchidwick1m');
insert into client (id, password, username) values (60, 'dU5>3l7_C6Bi', 'kthoresby1n');
insert into client (id, password, username) values (61, 'wQ6(XnA7#', 'ahiggonet1o');
insert into client (id, password, username) values (62, 'bN6%@u<*$BcuJ', 'dlebel1p');
insert into client (id, password, username) values (63, 'dT4@UNAJ`''', 'rreadman1q');
insert into client (id, password, username) values (64, 'kH4>$q`B>', 'thallford1r');
insert into client (id, password, username) values (65, 'cW5<}S*,C@VZ', 'sfronks1s');
insert into client (id, password, username) values (66, 'fF6\wufB{ox|$d', 'aorme1t');
insert into client (id, password, username) values (67, 'gV7=cTL<SD', 'kpenkethman1u');
insert into client (id, password, username) values (68, 'mN3&/wJ?AEMpZ', 'pbedford1v');
insert into client (id, password, username) values (69, 'aC3&Ffbf|d~/XO9''', 'dhollingsby1w');
insert into client (id, password, username) values (70, 'kL5<\s3%}OGc<', 'dstoven1x');
insert into client (id, password, username) values (71, 'lL7\\`%B', 'rwearne1y');
insert into client (id, password, username) values (72, 'lV0"sy~>8{DZ', 'kthumnel1z');
insert into client (id, password, username) values (73, 'aR7!d8E}olU4&', 'jcarder20');
insert into client (id, password, username) values (74, 'mD2_44TJ|gD', 'csollitt21');
insert into client (id, password, username) values (75, 'cS0''C5tcp/,x', 'hsonner22');
insert into client (id, password, username) values (76, 'eB2$,b2qaO4', 'aburnage23');
insert into client (id, password, username) values (77, 'hU1@6ICD''q', 'hbraben24');
insert into client (id, password, username) values (78, 'pR1"''Vqv8\6~', 'mboatman25');
insert into client (id, password, username) values (79, 'tK2%"ZH"t`Q', 'ifarrans26');
insert into client (id, password, username) values (80, 'rC2.V&''MT~`H', 'kjodrellec27');
insert into client (id, password, username) values (81, 'sG1`W|N&MC<t5', 'astienham28');
insert into client (id, password, username) values (82, 'qY0`S)VcJhJ|', 'rlawrance29');
insert into client (id, password, username) values (83, 'zF3($pNQCkhrF', 'hpendre2a');
insert into client (id, password, username) values (84, 'tA5.N7_U{X=', 'lskillicorn2b');
insert into client (id, password, username) values (85, 'oU2=*q0G(sDwtNW@', 'emacdonagh2c');
insert into client (id, password, username) values (86, 'wQ3}|BSm', 'sjerdon2d');
insert into client (id, password, username) values (87, 'jC4|d%`m8O4xFO', 'ralliban2e');
insert into client (id, password, username) values (88, 'wW1~(z&Q%mz/', 'mtoffano2f');
insert into client (id, password, username) values (89, 'hD9@)MV}cl&', 'lraycroft2g');
insert into client (id, password, username) values (90, 'iJ3*j(~,8', 'mroy2h');
insert into client (id, password, username) values (91, 'tE5&zdt_~nOI4v4g', 'wbew2i');
insert into client (id, password, username) values (92, 'nL6$''04z<E''n', 'rpidgley2j');
insert into client (id, password, username) values (93, 'iK0}ER6$&KTKDzj4', 'tsouthern2k');
insert into client (id, password, username) values (94, 'oV2?alaVi', 'sblomefield2l');
insert into client (id, password, username) values (95, 'aA2`T$XjKyOlA', 'mcordaroy2m');
insert into client (id, password, username) values (96, 'iL2@a<d%', 'scogdell2n');
insert into client (id, password, username) values (97, 'bW7+.qJz', 'kmcmickan2o');
insert into client (id, password, username) values (98, 'lM7%Rd#}M_td=&', 'gmoiser2p');
insert into client (id, password, username) values (99, 'sY4_{m''<*IDJ@gr', 'pfontel2q');
insert into client (id, password, username) values (100, 'iU3>AozEmm+GX@T&', 'hkeniwell2r');

insert into project (id, votes, client_id, joined_date, description, title) values (1, 112, 27, '2019-06-12', 'semper est quam pharetra magna ac consequat metus sapien ut nunc vestibulum ante ipsum primis in faucibus', '10 Items or Less');
insert into project (id, votes, client_id, joined_date, description, title) values (2, 288, 62, '2011-03-02', 'leo rhoncus sed vestibulum sit amet cursus id turpis integer aliquet massa id lobortis convallis tortor risus', 'Crawlspace');
insert into project (id, votes, client_id, joined_date, description, title) values (3, 40, 3, '2014-12-23', 'luctus et ultrices posuere cubilia curae mauris viverra diam vitae quam suspendisse potenti nullam', 'The Little Polar Bear: Lars and the Little Tiger');
insert into project (id, votes, client_id, joined_date, description, title) values (4, 99, 19, '2021-08-31', 'orci luctus et ultrices posuere cubilia curae duis faucibus accumsan odio', 'Cure, The');
insert into project (id, votes, client_id, joined_date, description, title) values (5, 70, 20, '2021-12-23', 'a suscipit nulla elit ac nulla sed vel enim sit amet nunc viverra dapibus nulla suscipit ligula in lacus', 'Otello');
insert into project (id, votes, client_id, joined_date, description, title) values (6, 40, 88, '2019-12-07', 'ante ipsum primis in faucibus orci luctus et ultrices posuere cubilia curae nulla dapibus dolor', 'Bella');
insert into project (id, votes, client_id, joined_date, description, title) values (7, 207, 45, '2009-08-30', 'lacinia sapien quis libero nullam sit amet turpis elementum ligula vehicula', 'Anna');
insert into project (id, votes, client_id, joined_date, description, title) values (8, 175, 53, '2011-05-04', 'habitasse platea dictumst morbi vestibulum velit id pretium iaculis diam erat fermentum justo nec', 'Flowers in the Attic');
insert into project (id, votes, client_id, joined_date, description, title) values (9, 215, 83, '2013-10-26', 'sapien a libero nam dui proin leo odio porttitor id consequat in consequat ut nulla', 'Phil Spector');
insert into project (id, votes, client_id, joined_date, description, title) values (10, 74, 31, '2014-10-05', 'nullam molestie nibh in lectus pellentesque at nulla suspendisse potenti cras in purus', 'Hunger Games: Catching Fire, The');
insert into project (id, votes, client_id, joined_date, description, title) values (11, 216, 31, '2009-09-01', 'fusce consequat nulla nisl nunc nisl duis bibendum felis sed interdum venenatis turpis enim', 'Mail Order Bride');
insert into project (id, votes, client_id, joined_date, description, title) values (12, 58, 28, '2022-10-30', 'blandit nam nulla integer pede justo lacinia eget tincidunt eget tempus vel pede morbi porttitor lorem', 'La Legge Violenta Della Squadra Anticrimine');
insert into project (id, votes, client_id, joined_date, description, title) values (13, 38, 89, '2013-12-25', 'sapien arcu sed augue aliquam erat volutpat in congue etiam justo etiam pretium iaculis justo in', 'Perfect Circle, The (Savrseni krug)');
insert into project (id, votes, client_id, joined_date, description, title) values (14, 201, 47, '2022-11-05', 'risus auctor sed tristique in tempus sit amet sem fusce consequat', 'LEGO DC Comics Super Heroes: Justice League vs. Bizarro League');
insert into project (id, votes, client_id, joined_date, description, title) values (15, 91, 11, '2016-08-04', 'semper porta volutpat quam pede lobortis ligula sit amet eleifend pede libero quis orci nullam molestie', 'Hunky Dory');
insert into project (id, votes, client_id, joined_date, description, title) values (16, 220, 1, '2023-09-02', 'in quis justo maecenas rhoncus aliquam lacus morbi quis tortor id nulla ultrices', 'Lucky Them');
insert into project (id, votes, client_id, joined_date, description, title) values (17, 91, 61, '2011-01-29', 'libero quis orci nullam molestie nibh in lectus pellentesque at', 'If Footmen Tire You What Will Horses Do?');
insert into project (id, votes, client_id, joined_date, description, title) values (18, 157, 78, '2022-12-09', 'libero quis orci nullam molestie nibh in lectus pellentesque at nulla suspendisse potenti', 'Shut Up & Sing');
insert into project (id, votes, client_id, joined_date, description, title) values (19, 213, 36, '2017-09-29', 'integer aliquet massa id lobortis convallis tortor risus dapibus augue vel accumsan tellus nisi eu orci mauris', 'Surf Ninjas');
insert into project (id, votes, client_id, joined_date, description, title) values (20, 206, 95, '2011-09-10', 'in eleifend quam a odio in hac habitasse platea dictumst maecenas ut massa quis augue luctus tincidunt nulla', 'Electile Dysfunction');
insert into project (id, votes, client_id, joined_date, description, title) values (21, 113, 24, '2012-04-01', 'accumsan odio curabitur convallis duis consequat dui nec nisi volutpat eleifend donec ut dolor morbi vel lectus in quam fringilla', 'Story of a Love Affair (Cronaca di un amore)');
insert into project (id, votes, client_id, joined_date, description, title) values (22, 126, 32, '2023-10-14', 'ipsum praesent blandit lacinia erat vestibulum sed magna at nunc commodo placerat praesent blandit', 'Gimme Shelter');
insert into project (id, votes, client_id, joined_date, description, title) values (23, 211, 13, '2016-08-23', 'vulputate justo in blandit ultrices enim lorem ipsum dolor sit amet consectetuer adipiscing elit', 'East is East');
insert into project (id, votes, client_id, joined_date, description, title) values (24, 149, 20, '2022-05-04', 'accumsan tellus nisi eu orci mauris lacinia sapien quis libero nullam sit amet turpis', 'Lupin the 3rd');
insert into project (id, votes, client_id, joined_date, description, title) values (25, 296, 100, '2016-03-10', 'vel ipsum praesent blandit lacinia erat vestibulum sed magna at', 'Femme Nikita, La (Nikita)');
insert into project (id, votes, client_id, joined_date, description, title) values (26, 232, 75, '2011-10-05', 'a odio in hac habitasse platea dictumst maecenas ut massa quis augue luctus tincidunt nulla mollis molestie lorem', 'Earrings of Madame de..., The (Madame de...)');
insert into project (id, votes, client_id, joined_date, description, title) values (27, 129, 99, '2015-02-05', 'purus phasellus in felis donec semper sapien a libero nam dui', 'Gracie');
insert into project (id, votes, client_id, joined_date, description, title) values (28, 25, 15, '2013-04-06', 'aliquam lacus morbi quis tortor id nulla ultrices aliquet maecenas leo', 'Strike! (a.k.a. All I Wanna Do, The Hairy Bird)');
insert into project (id, votes, client_id, joined_date, description, title) values (29, 41, 63, '2013-04-17', 'cum sociis natoque penatibus et magnis dis parturient montes nascetur ridiculus mus vivamus vestibulum sagittis sapien cum sociis natoque penatibus', 'By Dawn''s Early Light');
insert into project (id, votes, client_id, joined_date, description, title) values (30, 97, 52, '2009-01-19', 'amet nulla quisque arcu libero rutrum ac lobortis vel dapibus at diam nam tristique tortor eu', 'Crystal Ball, The');
insert into project (id, votes, client_id, joined_date, description, title) values (31, 62, 89, '2015-03-31', 'nascetur ridiculus mus etiam vel augue vestibulum rutrum rutrum neque aenean auctor gravida sem praesent id', 'Spider Lilies (Ci qing)');
insert into project (id, votes, client_id, joined_date, description, title) values (32, 289, 31, '2016-10-09', 'interdum mauris non ligula pellentesque ultrices phasellus id sapien in sapien iaculis congue', 'Great White Hope, The');
insert into project (id, votes, client_id, joined_date, description, title) values (33, 126, 29, '2017-02-11', 'nisl nunc rhoncus dui vel sem sed sagittis nam congue risus semper porta volutpat quam pede lobortis ligula', 'Outrage (Autoreiji)');
insert into project (id, votes, client_id, joined_date, description, title) values (34, 115, 58, '2015-09-30', 'at nunc commodo placerat praesent blandit nam nulla integer pede justo lacinia eget', 'Vatel');
insert into project (id, votes, client_id, joined_date, description, title) values (35, 160, 3, '2012-11-06', 'morbi vestibulum velit id pretium iaculis diam erat fermentum justo nec condimentum neque sapien placerat', 'Incredible Journey, The');
insert into project (id, votes, client_id, joined_date, description, title) values (36, 151, 43, '2023-08-22', 'rutrum nulla tellus in sagittis dui vel nisl duis ac nibh fusce lacus purus aliquet', 'Bye Bye Monkey (Ciao maschio)');
insert into project (id, votes, client_id, joined_date, description, title) values (37, 155, 97, '2020-12-14', 'elit sodales scelerisque mauris sit amet eros suspendisse accumsan tortor quis turpis sed ante', 'Thomasine & Bushrod');
insert into project (id, votes, client_id, joined_date, description, title) values (38, 133, 88, '2009-05-02', 'ligula suspendisse ornare consequat lectus in est risus auctor sed tristique in tempus sit amet', 'Frozen, The');
insert into project (id, votes, client_id, joined_date, description, title) values (39, 128, 90, '2019-03-26', 'integer ac neque duis bibendum morbi non quam nec dui luctus rutrum nulla tellus in sagittis dui vel nisl', 'Foodfight!');
insert into project (id, votes, client_id, joined_date, description, title) values (40, 203, 10, '2017-09-18', 'elementum eu interdum eu tincidunt in leo maecenas pulvinar lobortis est phasellus sit amet erat nulla tempus', 'The Mark of Cain');
insert into project (id, votes, client_id, joined_date, description, title) values (41, 288, 42, '2012-03-22', 'felis eu sapien cursus vestibulum proin eu mi nulla ac enim in tempor turpis nec euismod scelerisque quam turpis', 'Broadway Idiot');
insert into project (id, votes, client_id, joined_date, description, title) values (42, 150, 5, '2012-01-07', 'sem duis aliquam convallis nunc proin at turpis a pede', 'Pepi, Luci, Bom (Pepi, Luci, Bom y Otras Chicas del Montón)');
insert into project (id, votes, client_id, joined_date, description, title) values (43, 248, 16, '2010-07-05', 'pede malesuada in imperdiet et commodo vulputate justo in blandit ultrices enim lorem ipsum dolor sit amet consectetuer adipiscing', 'Reckoning, The');
insert into project (id, votes, client_id, joined_date, description, title) values (44, 34, 93, '2022-09-24', 'ultrices posuere cubilia curae donec pharetra magna vestibulum aliquet ultrices', 'Bronx Tale, A');
insert into project (id, votes, client_id, joined_date, description, title) values (45, 266, 50, '2013-11-07', 'tellus nisi eu orci mauris lacinia sapien quis libero nullam sit amet turpis elementum ligula vehicula consequat', 'Live and Let Die');
insert into project (id, votes, client_id, joined_date, description, title) values (46, 265, 29, '2020-09-06', 'viverra dapibus nulla suscipit ligula in lacus curabitur at ipsum ac tellus semper interdum mauris ullamcorper purus', 'Angry Red Planet, The');
insert into project (id, votes, client_id, joined_date, description, title) values (47, 72, 76, '2022-11-12', 'ultrices posuere cubilia curae duis faucibus accumsan odio curabitur convallis duis consequat dui', 'Arrowhead');
insert into project (id, votes, client_id, joined_date, description, title) values (48, 45, 70, '2024-02-29', 'euismod scelerisque quam turpis adipiscing lorem vitae mattis nibh ligula nec sem duis aliquam convallis', 'Phantasm III: Lord of the Dead');
insert into project (id, votes, client_id, joined_date, description, title) values (49, 300, 43, '2013-06-11', 'nulla mollis molestie lorem quisque ut erat curabitur gravida nisi at', 'Wheel of Time');
insert into project (id, votes, client_id, joined_date, description, title) values (50, 197, 97, '2016-08-26', 'donec diam neque vestibulum eget vulputate ut ultrices vel augue vestibulum ante ipsum primis in faucibus orci', 'Jerry Maguire');
insert into project (id, votes, client_id, joined_date, description, title) values (51, 71, 44, '2021-11-23', 'vivamus vel nulla eget eros elementum pellentesque quisque porta volutpat erat quisque erat', 'Strip Nude for Your Killer (Nude per l''assassino)');
insert into project (id, votes, client_id, joined_date, description, title) values (52, 101, 78, '2013-11-08', 'erat fermentum justo nec condimentum neque sapien placerat ante nulla', 'Beethoven''s 3rd');
insert into project (id, votes, client_id, joined_date, description, title) values (53, 268, 80, '2015-07-14', 'nunc donec quis orci eget orci vehicula condimentum curabitur in', 'Bliss');
insert into project (id, votes, client_id, joined_date, description, title) values (54, 152, 10, '2012-03-24', 'tellus nulla ut erat id mauris vulputate elementum nullam varius nulla', 'Vernon, Florida');
insert into project (id, votes, client_id, joined_date, description, title) values (55, 154, 52, '2022-11-25', 'nisl ut volutpat sapien arcu sed augue aliquam erat volutpat in congue etiam justo', 'Pigs and Battleships (Hogs and Warships) (The Flesh Is Hot) (Buta to gunkan)');
insert into project (id, votes, client_id, joined_date, description, title) values (56, 80, 79, '2014-03-03', 'habitasse platea dictumst maecenas ut massa quis augue luctus tincidunt nulla mollis molestie lorem quisque', 'Phil Ochs: There But for Fortune');
insert into project (id, votes, client_id, joined_date, description, title) values (57, 22, 30, '2018-07-12', 'porttitor pede justo eu massa donec dapibus duis at velit eu est congue elementum', 'Isi & Disi: Amor a lo bestia');
insert into project (id, votes, client_id, joined_date, description, title) values (58, 81, 35, '2017-07-28', 'aliquet at feugiat non pretium quis lectus suspendisse potenti in eleifend quam a odio in hac habitasse platea', 'Penitentiary');
insert into project (id, votes, client_id, joined_date, description, title) values (59, 122, 92, '2015-10-23', 'sapien arcu sed augue aliquam erat volutpat in congue etiam justo etiam', 'Lights Out');
insert into project (id, votes, client_id, joined_date, description, title) values (60, 113, 70, '2013-03-06', 'justo maecenas rhoncus aliquam lacus morbi quis tortor id nulla ultrices aliquet', 'Eastern Plays');
insert into project (id, votes, client_id, joined_date, description, title) values (61, 104, 1, '2023-04-05', 'pellentesque quisque porta volutpat erat quisque erat eros viverra eget congue eget semper rutrum nulla nunc purus phasellus in', 'Journey of Hope (Reise der Hoffnung)');
insert into project (id, votes, client_id, joined_date, description, title) values (62, 164, 47, '2013-06-17', 'varius integer ac leo pellentesque ultrices mattis odio donec vitae nisi nam ultrices libero non mattis pulvinar nulla', 'Erkan & Stefan 2');
insert into project (id, votes, client_id, joined_date, description, title) values (63, 113, 93, '2010-12-28', 'pretium iaculis diam erat fermentum justo nec condimentum neque sapien placerat ante nulla justo aliquam quis turpis', 'Cabeza de Vaca');
insert into project (id, votes, client_id, joined_date, description, title) values (64, 29, 57, '2023-11-22', 'nisl venenatis lacinia aenean sit amet justo morbi ut odio cras mi pede malesuada in imperdiet', 'I Will Follow You Into the Dark');
insert into project (id, votes, client_id, joined_date, description, title) values (65, 194, 52, '2024-06-14', 'quisque id justo sit amet sapien dignissim vestibulum vestibulum ante', 'Liberation of L.B. Jones, The');
insert into project (id, votes, client_id, joined_date, description, title) values (66, 35, 20, '2015-02-24', 'blandit nam nulla integer pede justo lacinia eget tincidunt eget tempus vel pede morbi porttitor lorem id ligula suspendisse', 'Brannigan');
insert into project (id, votes, client_id, joined_date, description, title) values (67, 206, 44, '2019-02-22', 'nulla ac enim in tempor turpis nec euismod scelerisque quam turpis adipiscing lorem vitae mattis nibh ligula nec', 'Absolute Beginners');
insert into project (id, votes, client_id, joined_date, description, title) values (68, 152, 95, '2018-04-19', 'aliquet maecenas leo odio condimentum id luctus nec molestie sed justo pellentesque viverra pede ac diam cras', 'Man Who Saves the World, The (Dünyayi Kurtaran Adam)');
insert into project (id, votes, client_id, joined_date, description, title) values (69, 88, 9, '2022-09-17', 'metus aenean fermentum donec ut mauris eget massa tempor convallis nulla neque libero convallis eget eleifend luctus ultricies eu nibh', 'House of Frankenstein');
insert into project (id, votes, client_id, joined_date, description, title) values (70, 69, 10, '2018-08-09', 'orci luctus et ultrices posuere cubilia curae nulla dapibus dolor vel est donec odio justo', 'Swimfan');
insert into project (id, votes, client_id, joined_date, description, title) values (71, 281, 56, '2008-11-13', 'sed lacus morbi sem mauris laoreet ut rhoncus aliquet pulvinar sed', 'Tyler Perry''s A Madea Christmas');
insert into project (id, votes, client_id, joined_date, description, title) values (72, 133, 92, '2015-01-14', 'morbi porttitor lorem id ligula suspendisse ornare consequat lectus in est risus auctor sed tristique in tempus sit amet', 'Crossfire');
insert into project (id, votes, client_id, joined_date, description, title) values (73, 69, 7, '2008-08-13', 'nibh fusce lacus purus aliquet at feugiat non pretium quis lectus suspendisse potenti in eleifend quam a odio in', 'Born Rich');
insert into project (id, votes, client_id, joined_date, description, title) values (74, 252, 92, '2018-07-18', 'sem mauris laoreet ut rhoncus aliquet pulvinar sed nisl nunc rhoncus dui vel sem', 'Line of Sight');
insert into project (id, votes, client_id, joined_date, description, title) values (75, 191, 68, '2016-01-20', 'lorem quisque ut erat curabitur gravida nisi at nibh in', 'That Evening Sun');
insert into project (id, votes, client_id, joined_date, description, title) values (76, 211, 84, '2016-11-22', 'nulla elit ac nulla sed vel enim sit amet nunc viverra dapibus nulla suscipit ligula', 'Merry Widow, The');
insert into project (id, votes, client_id, joined_date, description, title) values (77, 128, 95, '2021-06-16', 'purus phasellus in felis donec semper sapien a libero nam dui proin leo odio porttitor id consequat in consequat ut', 'Great Texas Dynamite Chase, The');
insert into project (id, votes, client_id, joined_date, description, title) values (78, 299, 82, '2019-06-18', 'viverra eget congue eget semper rutrum nulla nunc purus phasellus in felis donec semper', 'Following Sean');
insert into project (id, votes, client_id, joined_date, description, title) values (79, 283, 87, '2014-08-23', 'odio donec vitae nisi nam ultrices libero non mattis pulvinar nulla pede ullamcorper augue a suscipit nulla elit', 'From One Second to the Next');
insert into project (id, votes, client_id, joined_date, description, title) values (80, 234, 41, '2015-06-05', 'donec odio justo sollicitudin ut suscipit a feugiat et eros vestibulum ac', 'World Traveler');
insert into project (id, votes, client_id, joined_date, description, title) values (81, 207, 55, '2022-10-06', 'eleifend donec ut dolor morbi vel lectus in quam fringilla', 'If God Is Willing and da Creek Don''t Rise');
insert into project (id, votes, client_id, joined_date, description, title) values (82, 102, 64, '2009-04-28', 'proin leo odio porttitor id consequat in consequat ut nulla sed accumsan', 'Royal Scandal, The');
insert into project (id, votes, client_id, joined_date, description, title) values (83, 254, 23, '2008-09-12', 'aliquam erat volutpat in congue etiam justo etiam pretium iaculis justo in hac habitasse platea dictumst etiam faucibus cursus', 'Jimmy Neutron: Boy Genius');
insert into project (id, votes, client_id, joined_date, description, title) values (84, 157, 48, '2020-10-14', 'viverra eget congue eget semper rutrum nulla nunc purus phasellus in felis', 'Haunted Strangler, The (Grip of the Strangler)');
insert into project (id, votes, client_id, joined_date, description, title) values (85, 292, 19, '2021-12-03', 'massa quis augue luctus tincidunt nulla mollis molestie lorem quisque ut erat curabitur gravida nisi at nibh', 'Payback');
insert into project (id, votes, client_id, joined_date, description, title) values (86, 22, 27, '2010-02-23', 'nisl aenean lectus pellentesque eget nunc donec quis orci eget orci vehicula condimentum curabitur in libero', 'Kolka Cool');
insert into project (id, votes, client_id, joined_date, description, title) values (87, 34, 85, '2017-02-23', 'non quam nec dui luctus rutrum nulla tellus in sagittis dui vel nisl duis ac nibh fusce lacus purus aliquet', 'Aliens');
insert into project (id, votes, client_id, joined_date, description, title) values (88, 187, 64, '2018-08-25', 'rutrum at lorem integer tincidunt ante vel ipsum praesent blandit lacinia', 'Hair');
insert into project (id, votes, client_id, joined_date, description, title) values (89, 75, 45, '2022-09-07', 'in porttitor pede justo eu massa donec dapibus duis at', 'In the Realm of the Senses (Ai no corrida)');
insert into project (id, votes, client_id, joined_date, description, title) values (90, 153, 50, '2016-06-07', 'at dolor quis odio consequat varius integer ac leo pellentesque ultrices mattis odio donec vitae nisi nam ultrices libero non', 'Beefcake');
insert into project (id, votes, client_id, joined_date, description, title) values (91, 230, 70, '2011-12-05', 'nisl nunc rhoncus dui vel sem sed sagittis nam congue risus semper porta volutpat quam pede lobortis ligula', 'Stepford Wives, The');
insert into project (id, votes, client_id, joined_date, description, title) values (92, 135, 83, '2017-07-19', 'interdum in ante vestibulum ante ipsum primis in faucibus orci luctus et ultrices posuere cubilia curae', 'Four Days in July');
insert into project (id, votes, client_id, joined_date, description, title) values (93, 28, 46, '2010-11-07', 'consequat metus sapien ut nunc vestibulum ante ipsum primis in faucibus orci luctus et ultrices posuere cubilia curae mauris', 'Jack and the Cuckoo-Clock Heart (Jack et la mécanique du coeur)');
insert into project (id, votes, client_id, joined_date, description, title) values (94, 282, 54, '2021-11-14', 'integer ac leo pellentesque ultrices mattis odio donec vitae nisi nam ultrices libero', 'Three Seasons');
insert into project (id, votes, client_id, joined_date, description, title) values (95, 123, 11, '2019-05-03', 'nibh in hac habitasse platea dictumst aliquam augue quam sollicitudin vitae', 'Stand Off');
insert into project (id, votes, client_id, joined_date, description, title) values (96, 224, 60, '2018-04-19', 'in imperdiet et commodo vulputate justo in blandit ultrices enim lorem ipsum', 'I Melt with You');
insert into project (id, votes, client_id, joined_date, description, title) values (97, 192, 13, '2014-09-02', 'nec dui luctus rutrum nulla tellus in sagittis dui vel nisl duis', 'Lords of Dogtown');
insert into project (id, votes, client_id, joined_date, description, title) values (98, 294, 10, '2011-11-19', 'felis sed interdum venenatis turpis enim blandit mi in porttitor pede justo eu', 'Sex: The Annabel Chong Story');
insert into project (id, votes, client_id, joined_date, description, title) values (99, 278, 97, '2010-07-17', 'praesent id massa id nisl venenatis lacinia aenean sit amet', 'Graveyard of Honor (Shin jingi no hakaba)');
insert into project (id, votes, client_id, joined_date, description, title) values (100, 92, 28, '2018-02-17', 'interdum venenatis turpis enim blandit mi in porttitor pede justo eu massa donec dapibus duis at', 'I Hate Valentine''s Day');

insert into rel_project_member (member_id, project_id) values (98, 76);
insert into rel_project_member (member_id, project_id) values (58, 48);
insert into rel_project_member (member_id, project_id) values (78, 7);
insert into rel_project_member (member_id, project_id) values (78, 80);
insert into rel_project_member (member_id, project_id) values (43, 1);
insert into rel_project_member (member_id, project_id) values (84, 88);
insert into rel_project_member (member_id, project_id) values (21, 75);
insert into rel_project_member (member_id, project_id) values (9, 77);
insert into rel_project_member (member_id, project_id) values (17, 87);
insert into rel_project_member (member_id, project_id) values (56, 88);
insert into rel_project_member (member_id, project_id) values (62, 69);
insert into rel_project_member (member_id, project_id) values (53, 10);
insert into rel_project_member (member_id, project_id) values (43, 62);
insert into rel_project_member (member_id, project_id) values (45, 53);
insert into rel_project_member (member_id, project_id) values (20, 29);
insert into rel_project_member (member_id, project_id) values (22, 34);
insert into rel_project_member (member_id, project_id) values (49, 100);
insert into rel_project_member (member_id, project_id) values (75, 27);
insert into rel_project_member (member_id, project_id) values (70, 7);
insert into rel_project_member (member_id, project_id) values (43, 29);
insert into rel_project_member (member_id, project_id) values (38, 83);
insert into rel_project_member (member_id, project_id) values (19, 64);
insert into rel_project_member (member_id, project_id) values (28, 16);
insert into rel_project_member (member_id, project_id) values (35, 7);
insert into rel_project_member (member_id, project_id) values (62, 48);
insert into rel_project_member (member_id, project_id) values (82, 66);
insert into rel_project_member (member_id, project_id) values (97, 9);
insert into rel_project_member (member_id, project_id) values (48, 49);
insert into rel_project_member (member_id, project_id) values (62, 6);
insert into rel_project_member (member_id, project_id) values (89, 63);
insert into rel_project_member (member_id, project_id) values (50, 88);
insert into rel_project_member (member_id, project_id) values (27, 4);
insert into rel_project_member (member_id, project_id) values (76, 27);
insert into rel_project_member (member_id, project_id) values (15, 45);
insert into rel_project_member (member_id, project_id) values (78, 49);
insert into rel_project_member (member_id, project_id) values (41, 46);
insert into rel_project_member (member_id, project_id) values (80, 89);
insert into rel_project_member (member_id, project_id) values (78, 26);
insert into rel_project_member (member_id, project_id) values (85, 87);
insert into rel_project_member (member_id, project_id) values (22, 9);
insert into rel_project_member (member_id, project_id) values (36, 44);
insert into rel_project_member (member_id, project_id) values (48, 82);
insert into rel_project_member (member_id, project_id) values (7, 78);
insert into rel_project_member (member_id, project_id) values (30, 17);
insert into rel_project_member (member_id, project_id) values (84, 19);
insert into rel_project_member (member_id, project_id) values (4, 32);
insert into rel_project_member (member_id, project_id) values (7, 2);
insert into rel_project_member (member_id, project_id) values (73, 5);
insert into rel_project_member (member_id, project_id) values (39, 29);
insert into rel_project_member (member_id, project_id) values (19, 61);
insert into rel_project_member (member_id, project_id) values (1, 67);
insert into rel_project_member (member_id, project_id) values (37, 89);
insert into rel_project_member (member_id, project_id) values (29, 44);
insert into rel_project_member (member_id, project_id) values (41, 3);
insert into rel_project_member (member_id, project_id) values (35, 25);
insert into rel_project_member (member_id, project_id) values (34, 26);
insert into rel_project_member (member_id, project_id) values (13, 23);
insert into rel_project_member (member_id, project_id) values (86, 95);
insert into rel_project_member (member_id, project_id) values (17, 33);
insert into rel_project_member (member_id, project_id) values (69, 22);
insert into rel_project_member (member_id, project_id) values (62, 24);
insert into rel_project_member (member_id, project_id) values (46, 42);
insert into rel_project_member (member_id, project_id) values (54, 80);
insert into rel_project_member (member_id, project_id) values (89, 17);
insert into rel_project_member (member_id, project_id) values (60, 20);
insert into rel_project_member (member_id, project_id) values (19, 1);
insert into rel_project_member (member_id, project_id) values (41, 67);
insert into rel_project_member (member_id, project_id) values (26, 75);
insert into rel_project_member (member_id, project_id) values (42, 99);
insert into rel_project_member (member_id, project_id) values (93, 17);
insert into rel_project_member (member_id, project_id) values (22, 26);
insert into rel_project_member (member_id, project_id) values (33, 81);
insert into rel_project_member (member_id, project_id) values (59, 77);
insert into rel_project_member (member_id, project_id) values (19, 84);
insert into rel_project_member (member_id, project_id) values (59, 97);
insert into rel_project_member (member_id, project_id) values (43, 25);
insert into rel_project_member (member_id, project_id) values (91, 66);
insert into rel_project_member (member_id, project_id) values (13, 77);
insert into rel_project_member (member_id, project_id) values (29, 24);
insert into rel_project_member (member_id, project_id) values (4, 45);
insert into rel_project_member (member_id, project_id) values (90, 29);
insert into rel_project_member (member_id, project_id) values (32, 64);
insert into rel_project_member (member_id, project_id) values (57, 72);
insert into rel_project_member (member_id, project_id) values (48, 19);
insert into rel_project_member (member_id, project_id) values (67, 9);
insert into rel_project_member (member_id, project_id) values (49, 94);
insert into rel_project_member (member_id, project_id) values (72, 89);
insert into rel_project_member (member_id, project_id) values (92, 21);
insert into rel_project_member (member_id, project_id) values (53, 25);
insert into rel_project_member (member_id, project_id) values (23, 66);
insert into rel_project_member (member_id, project_id) values (9, 94);
insert into rel_project_member (member_id, project_id) values (5, 10);
insert into rel_project_member (member_id, project_id) values (71, 56);
insert into rel_project_member (member_id, project_id) values (44, 22);
insert into rel_project_member (member_id, project_id) values (99, 65);
insert into rel_project_member (member_id, project_id) values (66, 19);
insert into rel_project_member (member_id, project_id) values (87, 26);
insert into rel_project_member (member_id, project_id) values (13, 63);
insert into rel_project_member (member_id, project_id) values (94, 12);
insert into rel_project_member (member_id, project_id) values (66, 3);

insert into link (id, content) values (1, 'http://dummyimage.com/186x100.png/ff4444/ffffff');
insert into link (id, content) values (2, 'http://dummyimage.com/177x100.png/cc0000/ffffff');
insert into link (id, content) values (3, 'http://dummyimage.com/155x100.png/5fa2dd/ffffff');
insert into link (id, content) values (4, 'http://dummyimage.com/211x100.png/ff4444/ffffff');
insert into link (id, content) values (5, 'http://dummyimage.com/130x100.png/dddddd/000000');
insert into link (id, content) values (6, 'http://dummyimage.com/159x100.png/cc0000/ffffff');
insert into link (id, content) values (7, 'http://dummyimage.com/158x100.png/dddddd/000000');
insert into link (id, content) values (8, 'http://dummyimage.com/163x100.png/dddddd/000000');
insert into link (id, content) values (9, 'http://dummyimage.com/138x100.png/cc0000/ffffff');
insert into link (id, content) values (10, 'http://dummyimage.com/236x100.png/dddddd/000000');
insert into link (id, content) values (11, 'http://dummyimage.com/241x100.png/cc0000/ffffff');
insert into link (id, content) values (12, 'http://dummyimage.com/180x100.png/ff4444/ffffff');
insert into link (id, content) values (13, 'http://dummyimage.com/146x100.png/dddddd/000000');
insert into link (id, content) values (14, 'http://dummyimage.com/111x100.png/5fa2dd/ffffff');
insert into link (id, content) values (15, 'http://dummyimage.com/195x100.png/dddddd/000000');
insert into link (id, content) values (16, 'http://dummyimage.com/192x100.png/5fa2dd/ffffff');
insert into link (id, content) values (17, 'http://dummyimage.com/210x100.png/dddddd/000000');
insert into link (id, content) values (18, 'http://dummyimage.com/143x100.png/dddddd/000000');
insert into link (id, content) values (19, 'http://dummyimage.com/249x100.png/dddddd/000000');
insert into link (id, content) values (20, 'http://dummyimage.com/224x100.png/5fa2dd/ffffff');
insert into link (id, content) values (21, 'http://dummyimage.com/241x100.png/5fa2dd/ffffff');
insert into link (id, content) values (22, 'http://dummyimage.com/154x100.png/dddddd/000000');
insert into link (id, content) values (23, 'http://dummyimage.com/175x100.png/5fa2dd/ffffff');
insert into link (id, content) values (24, 'http://dummyimage.com/110x100.png/cc0000/ffffff');
insert into link (id, content) values (25, 'http://dummyimage.com/236x100.png/cc0000/ffffff');
insert into link (id, content) values (26, 'http://dummyimage.com/167x100.png/ff4444/ffffff');
insert into link (id, content) values (27, 'http://dummyimage.com/204x100.png/cc0000/ffffff');
insert into link (id, content) values (28, 'http://dummyimage.com/153x100.png/cc0000/ffffff');
insert into link (id, content) values (29, 'http://dummyimage.com/180x100.png/5fa2dd/ffffff');
insert into link (id, content) values (30, 'http://dummyimage.com/189x100.png/ff4444/ffffff');
insert into link (id, content) values (31, 'http://dummyimage.com/198x100.png/cc0000/ffffff');
insert into link (id, content) values (32, 'http://dummyimage.com/227x100.png/5fa2dd/ffffff');
insert into link (id, content) values (33, 'http://dummyimage.com/238x100.png/ff4444/ffffff');
insert into link (id, content) values (34, 'http://dummyimage.com/178x100.png/5fa2dd/ffffff');
insert into link (id, content) values (35, 'http://dummyimage.com/104x100.png/cc0000/ffffff');
insert into link (id, content) values (36, 'http://dummyimage.com/207x100.png/cc0000/ffffff');
insert into link (id, content) values (37, 'http://dummyimage.com/136x100.png/dddddd/000000');
insert into link (id, content) values (38, 'http://dummyimage.com/179x100.png/dddddd/000000');
insert into link (id, content) values (39, 'http://dummyimage.com/247x100.png/5fa2dd/ffffff');
insert into link (id, content) values (40, 'http://dummyimage.com/179x100.png/ff4444/ffffff');
insert into link (id, content) values (41, 'http://dummyimage.com/227x100.png/5fa2dd/ffffff');
insert into link (id, content) values (42, 'http://dummyimage.com/210x100.png/dddddd/000000');
insert into link (id, content) values (43, 'http://dummyimage.com/140x100.png/dddddd/000000');
insert into link (id, content) values (44, 'http://dummyimage.com/197x100.png/ff4444/ffffff');
insert into link (id, content) values (45, 'http://dummyimage.com/121x100.png/ff4444/ffffff');
insert into link (id, content) values (46, 'http://dummyimage.com/110x100.png/5fa2dd/ffffff');
insert into link (id, content) values (47, 'http://dummyimage.com/229x100.png/cc0000/ffffff');
insert into link (id, content) values (48, 'http://dummyimage.com/168x100.png/ff4444/ffffff');
insert into link (id, content) values (49, 'http://dummyimage.com/186x100.png/ff4444/ffffff');
insert into link (id, content) values (50, 'http://dummyimage.com/191x100.png/cc0000/ffffff');
insert into link (id, content) values (51, 'http://dummyimage.com/155x100.png/dddddd/000000');
insert into link (id, content) values (52, 'http://dummyimage.com/126x100.png/5fa2dd/ffffff');
insert into link (id, content) values (53, 'http://dummyimage.com/126x100.png/ff4444/ffffff');
insert into link (id, content) values (54, 'http://dummyimage.com/162x100.png/ff4444/ffffff');
insert into link (id, content) values (55, 'http://dummyimage.com/134x100.png/5fa2dd/ffffff');
insert into link (id, content) values (56, 'http://dummyimage.com/127x100.png/5fa2dd/ffffff');
insert into link (id, content) values (57, 'http://dummyimage.com/137x100.png/ff4444/ffffff');
insert into link (id, content) values (58, 'http://dummyimage.com/103x100.png/5fa2dd/ffffff');
insert into link (id, content) values (59, 'http://dummyimage.com/136x100.png/ff4444/ffffff');
insert into link (id, content) values (60, 'http://dummyimage.com/215x100.png/ff4444/ffffff');
insert into link (id, content) values (61, 'http://dummyimage.com/223x100.png/5fa2dd/ffffff');
insert into link (id, content) values (62, 'http://dummyimage.com/213x100.png/dddddd/000000');
insert into link (id, content) values (63, 'http://dummyimage.com/120x100.png/5fa2dd/ffffff');
insert into link (id, content) values (64, 'http://dummyimage.com/163x100.png/ff4444/ffffff');
insert into link (id, content) values (65, 'http://dummyimage.com/146x100.png/ff4444/ffffff');
insert into link (id, content) values (66, 'http://dummyimage.com/230x100.png/5fa2dd/ffffff');
insert into link (id, content) values (67, 'http://dummyimage.com/147x100.png/cc0000/ffffff');
insert into link (id, content) values (68, 'http://dummyimage.com/220x100.png/cc0000/ffffff');
insert into link (id, content) values (69, 'http://dummyimage.com/239x100.png/dddddd/000000');
insert into link (id, content) values (70, 'http://dummyimage.com/243x100.png/5fa2dd/ffffff');
insert into link (id, content) values (71, 'http://dummyimage.com/180x100.png/dddddd/000000');
insert into link (id, content) values (72, 'http://dummyimage.com/168x100.png/5fa2dd/ffffff');
insert into link (id, content) values (73, 'http://dummyimage.com/215x100.png/cc0000/ffffff');
insert into link (id, content) values (74, 'http://dummyimage.com/111x100.png/5fa2dd/ffffff');
insert into link (id, content) values (75, 'http://dummyimage.com/231x100.png/dddddd/000000');
insert into link (id, content) values (76, 'http://dummyimage.com/104x100.png/cc0000/ffffff');
insert into link (id, content) values (77, 'http://dummyimage.com/145x100.png/ff4444/ffffff');
insert into link (id, content) values (78, 'http://dummyimage.com/125x100.png/dddddd/000000');
insert into link (id, content) values (79, 'http://dummyimage.com/242x100.png/dddddd/000000');
insert into link (id, content) values (80, 'http://dummyimage.com/140x100.png/cc0000/ffffff');
insert into link (id, content) values (81, 'http://dummyimage.com/205x100.png/dddddd/000000');
insert into link (id, content) values (82, 'http://dummyimage.com/123x100.png/cc0000/ffffff');
insert into link (id, content) values (83, 'http://dummyimage.com/225x100.png/5fa2dd/ffffff');
insert into link (id, content) values (84, 'http://dummyimage.com/194x100.png/5fa2dd/ffffff');
insert into link (id, content) values (85, 'http://dummyimage.com/179x100.png/cc0000/ffffff');
insert into link (id, content) values (86, 'http://dummyimage.com/189x100.png/cc0000/ffffff');
insert into link (id, content) values (87, 'http://dummyimage.com/133x100.png/cc0000/ffffff');
insert into link (id, content) values (88, 'http://dummyimage.com/225x100.png/5fa2dd/ffffff');
insert into link (id, content) values (89, 'http://dummyimage.com/244x100.png/ff4444/ffffff');
insert into link (id, content) values (90, 'http://dummyimage.com/250x100.png/5fa2dd/ffffff');
insert into link (id, content) values (91, 'http://dummyimage.com/120x100.png/cc0000/ffffff');
insert into link (id, content) values (92, 'http://dummyimage.com/170x100.png/cc0000/ffffff');
insert into link (id, content) values (93, 'http://dummyimage.com/174x100.png/dddddd/000000');
insert into link (id, content) values (94, 'http://dummyimage.com/163x100.png/ff4444/ffffff');
insert into link (id, content) values (95, 'http://dummyimage.com/113x100.png/dddddd/000000');
insert into link (id, content) values (96, 'http://dummyimage.com/249x100.png/cc0000/ffffff');
insert into link (id, content) values (97, 'http://dummyimage.com/117x100.png/cc0000/ffffff');
insert into link (id, content) values (98, 'http://dummyimage.com/218x100.png/5fa2dd/ffffff');
insert into link (id, content) values (99, 'http://dummyimage.com/161x100.png/dddddd/000000');
insert into link (id, content) values (100, 'http://dummyimage.com/169x100.png/ff4444/ffffff');

insert into rel_project_link (link_id, project_id) values (100, 82);
insert into rel_project_link (link_id, project_id) values (86, 56);
insert into rel_project_link (link_id, project_id) values (79, 38);
insert into rel_project_link (link_id, project_id) values (81, 29);
insert into rel_project_link (link_id, project_id) values (7, 50);
insert into rel_project_link (link_id, project_id) values (95, 24);
insert into rel_project_link (link_id, project_id) values (31, 65);
insert into rel_project_link (link_id, project_id) values (53, 59);
insert into rel_project_link (link_id, project_id) values (49, 93);
insert into rel_project_link (link_id, project_id) values (70, 96);
insert into rel_project_link (link_id, project_id) values (92, 82);
insert into rel_project_link (link_id, project_id) values (63, 62);
insert into rel_project_link (link_id, project_id) values (35, 59);
insert into rel_project_link (link_id, project_id) values (8, 98);
insert into rel_project_link (link_id, project_id) values (66, 73);
insert into rel_project_link (link_id, project_id) values (33, 83);
insert into rel_project_link (link_id, project_id) values (75, 50);
insert into rel_project_link (link_id, project_id) values (96, 55);
insert into rel_project_link (link_id, project_id) values (23, 16);
insert into rel_project_link (link_id, project_id) values (16, 9);
insert into rel_project_link (link_id, project_id) values (47, 15);
insert into rel_project_link (link_id, project_id) values (31, 77);
insert into rel_project_link (link_id, project_id) values (49, 82);
insert into rel_project_link (link_id, project_id) values (16, 62);
insert into rel_project_link (link_id, project_id) values (36, 42);
insert into rel_project_link (link_id, project_id) values (13, 27);
insert into rel_project_link (link_id, project_id) values (37, 79);
insert into rel_project_link (link_id, project_id) values (87, 79);
insert into rel_project_link (link_id, project_id) values (19, 69);
insert into rel_project_link (link_id, project_id) values (14, 70);
insert into rel_project_link (link_id, project_id) values (39, 99);
insert into rel_project_link (link_id, project_id) values (8, 73);
insert into rel_project_link (link_id, project_id) values (30, 77);
insert into rel_project_link (link_id, project_id) values (41, 81);
insert into rel_project_link (link_id, project_id) values (54, 68);
insert into rel_project_link (link_id, project_id) values (9, 69);
insert into rel_project_link (link_id, project_id) values (46, 88);
insert into rel_project_link (link_id, project_id) values (3, 53);
insert into rel_project_link (link_id, project_id) values (2, 69);
insert into rel_project_link (link_id, project_id) values (79, 66);
insert into rel_project_link (link_id, project_id) values (21, 37);
insert into rel_project_link (link_id, project_id) values (76, 90);
insert into rel_project_link (link_id, project_id) values (49, 32);
insert into rel_project_link (link_id, project_id) values (52, 25);
insert into rel_project_link (link_id, project_id) values (55, 67);
insert into rel_project_link (link_id, project_id) values (71, 56);
insert into rel_project_link (link_id, project_id) values (15, 32);
insert into rel_project_link (link_id, project_id) values (49, 89);
insert into rel_project_link (link_id, project_id) values (37, 16);
insert into rel_project_link (link_id, project_id) values (24, 74);
insert into rel_project_link (link_id, project_id) values (72, 64);
insert into rel_project_link (link_id, project_id) values (46, 36);
insert into rel_project_link (link_id, project_id) values (32, 75);
insert into rel_project_link (link_id, project_id) values (44, 24);
insert into rel_project_link (link_id, project_id) values (27, 94);
insert into rel_project_link (link_id, project_id) values (82, 98);
insert into rel_project_link (link_id, project_id) values (63, 45);
insert into rel_project_link (link_id, project_id) values (11, 42);
insert into rel_project_link (link_id, project_id) values (80, 10);
insert into rel_project_link (link_id, project_id) values (56, 8);
insert into rel_project_link (link_id, project_id) values (63, 44);
insert into rel_project_link (link_id, project_id) values (98, 41);
insert into rel_project_link (link_id, project_id) values (52, 15);
insert into rel_project_link (link_id, project_id) values (70, 27);
insert into rel_project_link (link_id, project_id) values (100, 97);
insert into rel_project_link (link_id, project_id) values (3, 74);
insert into rel_project_link (link_id, project_id) values (20, 76);
insert into rel_project_link (link_id, project_id) values (80, 26);
insert into rel_project_link (link_id, project_id) values (26, 43);
insert into rel_project_link (link_id, project_id) values (7, 91);
insert into rel_project_link (link_id, project_id) values (12, 17);
insert into rel_project_link (link_id, project_id) values (59, 39);
insert into rel_project_link (link_id, project_id) values (8, 40);
insert into rel_project_link (link_id, project_id) values (57, 7);
insert into rel_project_link (link_id, project_id) values (58, 36);
insert into rel_project_link (link_id, project_id) values (52, 46);
insert into rel_project_link (link_id, project_id) values (18, 74);
insert into rel_project_link (link_id, project_id) values (90, 56);
insert into rel_project_link (link_id, project_id) values (73, 25);
insert into rel_project_link (link_id, project_id) values (15, 29);
insert into rel_project_link (link_id, project_id) values (47, 41);
insert into rel_project_link (link_id, project_id) values (78, 37);
insert into rel_project_link (link_id, project_id) values (74, 57);
insert into rel_project_link (link_id, project_id) values (3, 12);
insert into rel_project_link (link_id, project_id) values (62, 96);
insert into rel_project_link (link_id, project_id) values (9, 73);
insert into rel_project_link (link_id, project_id) values (28, 86);
insert into rel_project_link (link_id, project_id) values (68, 21);
insert into rel_project_link (link_id, project_id) values (34, 43);
insert into rel_project_link (link_id, project_id) values (35, 55);
insert into rel_project_link (link_id, project_id) values (22, 43);
insert into rel_project_link (link_id, project_id) values (41, 34);
insert into rel_project_link (link_id, project_id) values (6, 38);
insert into rel_project_link (link_id, project_id) values (59, 62);
insert into rel_project_link (link_id, project_id) values (73, 57);
insert into rel_project_link (link_id, project_id) values (25, 10);
insert into rel_project_link (link_id, project_id) values (93, 66);
insert into rel_project_link (link_id, project_id) values (27, 30);
insert into rel_project_link (link_id, project_id) values (54, 100);
insert into rel_project_link (link_id, project_id) values (59, 1);

insert into tag (id, content) values (1, 'MBP');
insert into tag (id, content) values (2, 'OXY');
insert into tag (id, content) values (3, 'LLL');
insert into tag (id, content) values (4, 'JUR');
insert into tag (id, content) values (5, 'ROC');
insert into tag (id, content) values (6, 'ECO');
insert into tag (id, content) values (7, 'FWL');
insert into tag (id, content) values (8, 'CNB');
insert into tag (id, content) values (9, 'FYV');
insert into tag (id, content) values (10, 'RMA');
insert into tag (id, content) values (11, 'UFA');
insert into tag (id, content) values (12, 'TME');
insert into tag (id, content) values (13, 'CSF');
insert into tag (id, content) values (14, 'LSV');
insert into tag (id, content) values (15, 'ZBM');
insert into tag (id, content) values (16, 'IDO');
insert into tag (id, content) values (17, 'ASO');
insert into tag (id, content) values (18, 'GOQ');
insert into tag (id, content) values (19, 'AVX');
insert into tag (id, content) values (20, 'IRI');
insert into tag (id, content) values (21, 'BTY');
insert into tag (id, content) values (22, 'KVE');
insert into tag (id, content) values (23, 'BOS');
insert into tag (id, content) values (24, 'LPB');
insert into tag (id, content) values (25, 'PEL');
insert into tag (id, content) values (26, 'PIV');
insert into tag (id, content) values (27, 'GMI');
insert into tag (id, content) values (28, 'XXN');
insert into tag (id, content) values (29, 'APL');
insert into tag (id, content) values (30, 'PDP');
insert into tag (id, content) values (31, 'WLR');
insert into tag (id, content) values (32, 'OGO');
insert into tag (id, content) values (33, 'CJC');
insert into tag (id, content) values (34, 'EGC');
insert into tag (id, content) values (35, 'SFB');
insert into tag (id, content) values (36, 'SRP');
insert into tag (id, content) values (37, 'HMJ');
insert into tag (id, content) values (38, 'NCL');
insert into tag (id, content) values (39, 'KBS');
insert into tag (id, content) values (40, 'TDP');
insert into tag (id, content) values (41, 'DEA');
insert into tag (id, content) values (42, 'PGD');
insert into tag (id, content) values (43, 'CVR');
insert into tag (id, content) values (44, 'FRM');
insert into tag (id, content) values (45, 'CLU');
insert into tag (id, content) values (46, 'WMD');
insert into tag (id, content) values (47, 'ORP');
insert into tag (id, content) values (48, 'CTS');
insert into tag (id, content) values (49, 'CAY');
insert into tag (id, content) values (50, 'IHN');
insert into tag (id, content) values (51, 'OAL');
insert into tag (id, content) values (52, 'PND');
insert into tag (id, content) values (53, 'QNJ');
insert into tag (id, content) values (54, 'YOS');
insert into tag (id, content) values (55, 'ELX');
insert into tag (id, content) values (56, 'YBQ');
insert into tag (id, content) values (57, 'GIS');
insert into tag (id, content) values (58, 'IFJ');
insert into tag (id, content) values (59, 'DEI');
insert into tag (id, content) values (60, 'GCN');
insert into tag (id, content) values (61, 'NAG');
insert into tag (id, content) values (62, 'KHO');
insert into tag (id, content) values (63, 'CRV');
insert into tag (id, content) values (64, 'ZNA');
insert into tag (id, content) values (65, 'ZGR');
insert into tag (id, content) values (66, 'NTL');
insert into tag (id, content) values (67, 'DEC');
insert into tag (id, content) values (68, 'AJY');
insert into tag (id, content) values (69, 'BCK');
insert into tag (id, content) values (70, 'KCO');
insert into tag (id, content) values (71, 'JMS');
insert into tag (id, content) values (72, 'OBS');
insert into tag (id, content) values (73, 'TPI');
insert into tag (id, content) values (74, 'COT');
insert into tag (id, content) values (75, 'KND');
insert into tag (id, content) values (76, 'MSF');
insert into tag (id, content) values (77, 'CZH');
insert into tag (id, content) values (78, 'UGS');
insert into tag (id, content) values (79, 'DVP');
insert into tag (id, content) values (80, 'NDK');
insert into tag (id, content) values (81, 'OBF');
insert into tag (id, content) values (82, 'RME');
insert into tag (id, content) values (83, 'RJL');
insert into tag (id, content) values (84, 'YTR');
insert into tag (id, content) values (85, 'GET');
insert into tag (id, content) values (86, 'CNG');
insert into tag (id, content) values (87, 'BPH');
insert into tag (id, content) values (88, 'BQI');
insert into tag (id, content) values (89, 'TUD');
insert into tag (id, content) values (90, 'OXB');
insert into tag (id, content) values (91, 'RAW');
insert into tag (id, content) values (92, 'SGC');
insert into tag (id, content) values (93, 'BCL');
insert into tag (id, content) values (94, 'SAH');
insert into tag (id, content) values (95, 'YTD');
insert into tag (id, content) values (96, 'BFE');
insert into tag (id, content) values (97, 'ZIX');
insert into tag (id, content) values (98, 'LOQ');
insert into tag (id, content) values (99, 'OUA');
insert into tag (id, content) values (100, 'EDR');

insert into rel_project_tag (project_id, tag_id) values (33, 43);
insert into rel_project_tag (project_id, tag_id) values (31, 13);
insert into rel_project_tag (project_id, tag_id) values (69, 31);
insert into rel_project_tag (project_id, tag_id) values (48, 88);
insert into rel_project_tag (project_id, tag_id) values (74, 91);
insert into rel_project_tag (project_id, tag_id) values (65, 46);
insert into rel_project_tag (project_id, tag_id) values (58, 87);
insert into rel_project_tag (project_id, tag_id) values (42, 31);
insert into rel_project_tag (project_id, tag_id) values (70, 77);
insert into rel_project_tag (project_id, tag_id) values (81, 6);
insert into rel_project_tag (project_id, tag_id) values (50, 9);
insert into rel_project_tag (project_id, tag_id) values (41, 62);
insert into rel_project_tag (project_id, tag_id) values (54, 24);
insert into rel_project_tag (project_id, tag_id) values (21, 30);
insert into rel_project_tag (project_id, tag_id) values (19, 30);
insert into rel_project_tag (project_id, tag_id) values (95, 50);
insert into rel_project_tag (project_id, tag_id) values (71, 2);
insert into rel_project_tag (project_id, tag_id) values (83, 86);
insert into rel_project_tag (project_id, tag_id) values (14, 19);
insert into rel_project_tag (project_id, tag_id) values (54, 94);
insert into rel_project_tag (project_id, tag_id) values (52, 78);
insert into rel_project_tag (project_id, tag_id) values (56, 57);
insert into rel_project_tag (project_id, tag_id) values (50, 34);
insert into rel_project_tag (project_id, tag_id) values (73, 62);
insert into rel_project_tag (project_id, tag_id) values (16, 56);
insert into rel_project_tag (project_id, tag_id) values (28, 5);
insert into rel_project_tag (project_id, tag_id) values (48, 29);
insert into rel_project_tag (project_id, tag_id) values (6, 45);
insert into rel_project_tag (project_id, tag_id) values (75, 23);
insert into rel_project_tag (project_id, tag_id) values (21, 93);
insert into rel_project_tag (project_id, tag_id) values (61, 20);
insert into rel_project_tag (project_id, tag_id) values (86, 68);
insert into rel_project_tag (project_id, tag_id) values (54, 5);
insert into rel_project_tag (project_id, tag_id) values (6, 36);
insert into rel_project_tag (project_id, tag_id) values (75, 90);
insert into rel_project_tag (project_id, tag_id) values (28, 20);
insert into rel_project_tag (project_id, tag_id) values (19, 23);
insert into rel_project_tag (project_id, tag_id) values (21, 77);
insert into rel_project_tag (project_id, tag_id) values (43, 26);
insert into rel_project_tag (project_id, tag_id) values (23, 92);
insert into rel_project_tag (project_id, tag_id) values (8, 82);
insert into rel_project_tag (project_id, tag_id) values (50, 94);
insert into rel_project_tag (project_id, tag_id) values (37, 21);
insert into rel_project_tag (project_id, tag_id) values (7, 65);
insert into rel_project_tag (project_id, tag_id) values (27, 18);
insert into rel_project_tag (project_id, tag_id) values (64, 31);
insert into rel_project_tag (project_id, tag_id) values (84, 96);
insert into rel_project_tag (project_id, tag_id) values (28, 15);
insert into rel_project_tag (project_id, tag_id) values (44, 93);
insert into rel_project_tag (project_id, tag_id) values (56, 28);
insert into rel_project_tag (project_id, tag_id) values (69, 98);
insert into rel_project_tag (project_id, tag_id) values (59, 74);
insert into rel_project_tag (project_id, tag_id) values (73, 99);
insert into rel_project_tag (project_id, tag_id) values (42, 61);
insert into rel_project_tag (project_id, tag_id) values (97, 87);
insert into rel_project_tag (project_id, tag_id) values (3, 78);
insert into rel_project_tag (project_id, tag_id) values (48, 32);
insert into rel_project_tag (project_id, tag_id) values (41, 48);
insert into rel_project_tag (project_id, tag_id) values (69, 35);
insert into rel_project_tag (project_id, tag_id) values (65, 8);
insert into rel_project_tag (project_id, tag_id) values (10, 68);
insert into rel_project_tag (project_id, tag_id) values (5, 16);
insert into rel_project_tag (project_id, tag_id) values (7, 36);
insert into rel_project_tag (project_id, tag_id) values (60, 87);
insert into rel_project_tag (project_id, tag_id) values (46, 82);
insert into rel_project_tag (project_id, tag_id) values (63, 8);
insert into rel_project_tag (project_id, tag_id) values (83, 38);
insert into rel_project_tag (project_id, tag_id) values (18, 38);
insert into rel_project_tag (project_id, tag_id) values (56, 39);
insert into rel_project_tag (project_id, tag_id) values (95, 34);
insert into rel_project_tag (project_id, tag_id) values (96, 99);
insert into rel_project_tag (project_id, tag_id) values (20, 78);
insert into rel_project_tag (project_id, tag_id) values (58, 46);
insert into rel_project_tag (project_id, tag_id) values (61, 44);
insert into rel_project_tag (project_id, tag_id) values (2, 77);
insert into rel_project_tag (project_id, tag_id) values (56, 25);
insert into rel_project_tag (project_id, tag_id) values (82, 53);
insert into rel_project_tag (project_id, tag_id) values (48, 95);
insert into rel_project_tag (project_id, tag_id) values (78, 74);
insert into rel_project_tag (project_id, tag_id) values (68, 10);
insert into rel_project_tag (project_id, tag_id) values (52, 10);
insert into rel_project_tag (project_id, tag_id) values (92, 84);
insert into rel_project_tag (project_id, tag_id) values (37, 70);
insert into rel_project_tag (project_id, tag_id) values (16, 36);
insert into rel_project_tag (project_id, tag_id) values (29, 7);
insert into rel_project_tag (project_id, tag_id) values (6, 69);
insert into rel_project_tag (project_id, tag_id) values (94, 48);
insert into rel_project_tag (project_id, tag_id) values (55, 63);
insert into rel_project_tag (project_id, tag_id) values (65, 50);
insert into rel_project_tag (project_id, tag_id) values (40, 67);
insert into rel_project_tag (project_id, tag_id) values (5, 57);
insert into rel_project_tag (project_id, tag_id) values (69, 94);
insert into rel_project_tag (project_id, tag_id) values (88, 81);
insert into rel_project_tag (project_id, tag_id) values (67, 86);
insert into rel_project_tag (project_id, tag_id) values (58, 74);
insert into rel_project_tag (project_id, tag_id) values (34, 17);
insert into rel_project_tag (project_id, tag_id) values (8, 16);
insert into rel_project_tag (project_id, tag_id) values (35, 37);
insert into rel_project_tag (project_id, tag_id) values (66, 3);
insert into rel_project_tag (project_id, tag_id) values (99, 32);
